编号	大洲	战役	行省	城镇	开局派系	首府	世界X	世界Y	六边形X	六边形Y	区域KEY	行省KEY	派系KEY	英文名	分组KEY	大洲来源
1	奥苏安	超凡帝国	伊泰恩	安格瑞尔	恣纵教派		179.70	408.44	269	529	wh3_main_combi_region_angerrial	wh3_main_combi_province_eataine	wh2_main_def_cult_of_excess	Angerrial	cai_region_hint_area_ulthuan	官方
2	奥苏安	超凡帝国	伊泰恩	洛瑟恩	伊泰恩	是	169.68	395.72	254	513	wh3_main_combi_region_lothern	wh3_main_combi_province_eataine	wh2_main_hef_eataine	Lothern	cai_region_hint_area_ulthuan	官方
3	奥苏安	超凡帝国	伊泰恩	莱森之塔	恣纵教派		152.31	405.75	228	526	wh3_main_combi_region_tower_of_lysean	wh3_main_combi_province_eataine	wh2_main_def_cult_of_excess	Tower of Lysean	cai_region_hint_area_ulthuan	官方
4	奥苏安	超凡帝国	伊泰恩	阿苏焉圣殿	恣纵教派		172.35	416.54	258	540	wh3_main_combi_region_shrine_of_asuryan	wh3_main_combi_province_eataine	wh2_main_def_cult_of_excess	Shrine of Asuryan	cai_region_hint_area_ulthuan	官方
5	奥苏安	超凡帝国	凤凰门	凤凰门	凯恩之鞭	是	163.67	477.87	245	619	wh3_main_combi_region_phoenix_gate	wh3_main_combi_province_phoenix_gate	wh2_main_def_scourge_of_khaine	Phoenix Gate	cai_region_hint_area_ulthuan	官方
6	奥苏安	超凡帝国	北伊瑞斯	塔勒尼亚	颅岩		229.80	433.51	344	562	wh3_main_combi_region_tralinia	wh3_main_combi_province_northern_yvresse	wh2_dlc15_grn_skull_crag	Tralinia	cai_region_hint_area_ulthuan	官方
7	奥苏安	超凡帝国	北伊瑞斯	塔尔·伊瑞斯	伊瑞斯	是	211.10	442.77	316	574	wh3_main_combi_region_tor_yvresse	wh3_main_combi_province_northern_yvresse	wh2_main_hef_yvresse	Tor Yvresse	cai_region_hint_area_ulthuan	官方
8	奥苏安	超凡帝国	南伊瑞斯	洛依克圣殿	颅岩		207.76	394.56	311	511	wh3_main_combi_region_shrine_of_loec	wh3_main_combi_province_southern_yvresse	wh2_dlc15_grn_skull_crag	Shrine of Loec	cai_region_hint_area_ulthuan	官方
9	奥苏安	超凡帝国	南伊瑞斯	索尔石堆	颅岩		190.39	399.19	285	517	wh3_main_combi_region_cairn_thel	wh3_main_combi_province_southern_yvresse	wh2_dlc15_grn_skull_crag	Cairn Thel	cai_region_hint_area_ulthuan	官方
10	奥苏安	超凡帝国	南伊瑞斯	艾勒萨利	颅岩	是	211.77	410.76	317	532	wh3_main_combi_region_elessaeli	wh3_main_combi_province_southern_yvresse	wh2_dlc15_grn_skull_crag	Elessaeli	cai_region_hint_area_ulthuan	官方
11	奥苏安	超凡帝国	卡勒多	塔尔·风啸城	卡勒多		137.61	408.83	206	530	wh3_main_combi_region_tor_sethai	wh3_main_combi_province_caledor	wh2_main_hef_caledor	Tor Sethai	cai_region_hint_area_ulthuan	官方
12	奥苏安	超凡帝国	卡勒多	瓦尔铁砧	卡勒多	是	136.28	394.17	204	511	wh3_main_combi_region_vauls_anvil_ulthuan	wh3_main_combi_province_caledor	wh2_main_hef_caledor	Vaul's Anvil	cai_region_hint_area_ulthuan	官方
13	奥苏安	超凡帝国	查瑞斯	埃利西亚	查瑞斯		199.74	494.07	299	640	wh3_main_combi_region_elisia	wh3_main_combi_province_chrace	wh2_main_hef_chrace	Elisia	cai_region_hint_area_ulthuan	官方
14	奥苏安	超凡帝国	查瑞斯	塔尔·阿查尔	查瑞斯	是	197.07	477.87	295	619	wh3_main_combi_region_tor_achare	wh3_main_combi_province_chrace	wh2_main_hef_chrace	Tor Achare	cai_region_hint_area_ulthuan	官方
15	奥苏安	超凡帝国	查瑞斯	库诺斯圣殿	色孽迷魂者		178.36	495.61	267	642	wh3_main_combi_region_shrine_of_kurnous	wh3_main_combi_province_chrace	wh3_main_sla_seducers_of_slaanesh	Shrine of Kurnous	cai_region_hint_area_ulthuan	官方
16	奥苏安	超凡帝国	柯思奎	塔尔·柯瑞利	柯思奎	是	221.12	467.84	331	606	wh3_main_combi_region_tor_koruali	wh3_main_combi_province_cothique	wh2_main_hef_cothique	Tor Koruali	cai_region_hint_area_ulthuan	官方
17	奥苏安	超凡帝国	柯思奎	米斯特纳	柯思奎		221.12	489.44	331	634	wh3_main_combi_region_mistnar	wh3_main_combi_province_cothique	wh2_main_hef_cothique	Mistnar	cai_region_hint_area_ulthuan	官方
18	奥苏安	超凡帝国	泰伦洛克	塔尔·安洛克	泰伦洛克	是	118.91	457.43	178	593	wh3_main_combi_region_tor_anroc	wh3_main_combi_province_tiranoc	wh2_main_hef_tiranoc	Tor Anroc	cai_region_hint_area_ulthuan	官方
19	奥苏安	超凡帝国	泰伦洛克	白峰	泰伦洛克		114.23	440.84	171	571	wh3_main_combi_region_whitepeak	wh3_main_combi_province_tiranoc	wh2_main_hef_tiranoc	Whitepeak	cai_region_hint_area_ulthuan	官方
20	奥苏安	超凡帝国	泰伦洛克	艾维瑟尔	泰伦洛克		124.92	421.56	187	546	wh3_main_combi_region_avethir	wh3_main_combi_province_tiranoc	wh2_main_hef_tiranoc	Avethir	cai_region_hint_area_ulthuan	官方
21	奥苏安	超凡帝国	浩瀚洋	葬船坟场	恐惧舰队	是	171.68	345.96	257	448	wh3_main_combi_region_the_galleons_graveyard	wh3_main_combi_province_the_great_ocean	wh2_dlc11_cst_noctilus	The Galleon's Graveyard		就近推定
22	奥苏安	超凡帝国	独角兽门	独角兽门	艾里昂	是	144.30	471.31	216	611	wh3_main_combi_region_unicorn_gate	wh3_main_combi_province_unicorn_gate	wh2_main_hef_ellyrion	Unicorn Gate	cai_region_hint_area_ulthuan	官方
23	奥苏安	超凡帝国	狮鹫门	狮鹫门	泰伦洛克	是	130.93	458.20	196	594	wh3_main_combi_region_griffon_gate	wh3_main_combi_province_griffon_gate	wh2_main_hef_tiranoc	Griffon Gate	cai_region_hint_area_ulthuan	官方
24	奥苏安	超凡帝国	纳迦瑞斯	凯恩圣殿	凯恩之鞭		172.35	511.42	258	663	wh3_main_combi_region_shrine_of_khaine	wh3_main_combi_province_nagarythe	wh2_main_def_scourge_of_khaine	Shrine of Khaine	cai_region_hint_area_ulthuan	官方
25	奥苏安	超凡帝国	纳迦瑞斯	塔尔·卓德尔	凯恩之鞭		132.27	483.65	198	627	wh3_main_combi_region_tor_dranil	wh3_main_combi_province_nagarythe	wh2_main_def_scourge_of_khaine	Tor Dranil	cai_region_hint_area_ulthuan	官方
26	奥苏安	超凡帝国	纳迦瑞斯	塔尔·安列克	凯恩之鞭	是	156.32	501.40	234	650	wh3_main_combi_region_tor_anlec	wh3_main_combi_province_nagarythe	wh2_main_def_scourge_of_khaine	Tor Anlec	cai_region_hint_area_ulthuan	官方
27	奥苏安	超凡帝国	艾里昂	塔尔·艾利尔	艾里昂	是	137.61	430.43	206	558	wh3_main_combi_region_tor_elyr	wh3_main_combi_province_ellyrion	wh2_main_hef_ellyrion	Tor Elyr	cai_region_hint_area_ulthuan	官方
28	奥苏安	超凡帝国	艾里昂	白焰城	艾里昂		146.30	449.33	219	582	wh3_main_combi_region_whitefire_tor	wh3_main_combi_province_ellyrion	wh2_main_hef_ellyrion	Whitefire Tor	cai_region_hint_area_ulthuan	官方
29	奥苏安	超凡帝国	萨芙睿	伊莱斯忒港	萨芙睿		189.72	417.32	284	541	wh3_main_combi_region_port_elistor	wh3_main_combi_province_saphery	wh2_main_hef_saphery	Port Elistor	cai_region_hint_area_ulthuan	官方
30	奥苏安	超凡帝国	萨芙睿	塔尔·芬努	萨芙睿		199.74	451.64	299	585	wh3_main_combi_region_tor_finu	wh3_main_combi_province_saphery	wh2_main_hef_saphery	Tor Finu	cai_region_hint_area_ulthuan	官方
31	奥苏安	超凡帝国	萨芙睿	荷斯白塔	萨芙睿	是	197.07	433.90	295	562	wh3_main_combi_region_white_tower_of_hoeth	wh3_main_combi_province_saphery	wh2_main_hef_saphery	White Tower of Hoeth	cai_region_hint_area_ulthuan	官方
32	奥苏安	超凡帝国	阿瓦隆	伊甸谷	阿瓦隆	是	171.02	446.63	256	579	wh3_main_combi_region_gaean_vale	wh3_main_combi_province_avelorn	wh2_main_hef_avelorn	Gaean Vale	cai_region_hint_area_ulthuan	官方
33	奥苏安	超凡帝国	阿瓦隆	塔尔·永恒城	凯恩之鞭		180.37	463.60	270	601	wh3_main_combi_region_tor_saroir	wh3_main_combi_province_avelorn	wh2_main_def_scourge_of_khaine	Tor Saroir	cai_region_hint_area_ulthuan	官方
34	奥苏安	超凡帝国	阿瓦隆	永恒之岩	凯恩之鞭		160.33	458.97	240	595	wh3_main_combi_region_evershale	wh3_main_combi_province_avelorn	wh2_main_def_scourge_of_khaine	Evershale	cai_region_hint_area_ulthuan	官方
35	奥苏安	超凡帝国	雄鹰门	雄鹰门	艾里昂	是	126.26	441.61	189	572	wh3_main_combi_region_eagle_gate	wh3_main_combi_province_eagle_gate	wh2_main_hef_ellyrion	Eagle Gate	cai_region_hint_area_ulthuan	官方
36	纳迦罗斯	超凡帝国	凄凉海岸	凄凉要塞	森林之女		59.45	477.10	89	618	wh3_main_combi_region_bleak_hold_fortress	wh3_main_combi_province_the_bleak_coast	wh3_dlc24_ksl_daughters_of_the_forest	Bleak Hold Fortress	cai_region_hint_area_naggarond	官方
37	纳迦罗斯	超凡帝国	凄凉海岸	碎月山	荒芜守军		89.52	437.37	134	567	wh3_main_combi_region_the_moon_shard	wh3_main_combi_province_the_bleak_coast	wh2_main_def_bleak_holds	The Moon Shard	cai_region_hint_area_naggarond	官方
38	纳迦罗斯	超凡帝国	凄凉海岸	阿纳海姆	荒芜守军	是	98.20	453.96	147	588	wh3_main_combi_region_arnheim	wh3_main_combi_province_the_bleak_coast	wh2_main_def_bleak_holds	Arnheim	cai_region_hint_area_naggarond	官方
39	纳迦罗斯	超凡帝国	凄凉海岸	阿纳海姆森林	荒芜守军		73.48	463.60	110	601	wh3_main_combi_region_forest_of_arnheim	wh3_main_combi_province_the_bleak_coast	wh2_main_def_bleak_holds	Forest of Arnheim	cai_region_hint_area_naggarond	官方
40	纳迦罗斯	超凡帝国	利爪海岸	扭曲林地	溺亡者	是	138.95	533.79	208	692	wh3_main_combi_region_the_twisted_glade	wh3_main_combi_province_the_clawed_coast	wh2_dlc11_cst_the_drowned	The Twisted Glade	cai_region_hint_area_naggarond	官方
41	纳迦罗斯	超凡帝国	利爪海岸	柯泰克圆柱	锻炉盟会		115.57	554.24	173	718	wh3_main_combi_region_hoteks_column	wh3_main_combi_province_the_clawed_coast	wh2_main_def_the_forgebound	Hotek's Column	cai_region_hint_area_naggarond	官方
42	纳迦罗斯	超凡帝国	利爪海岸	黑暗森林	锻炉盟会		138.28	559.64	207	725	wh3_main_combi_region_the_black_forests	wh3_main_combi_province_the_clawed_coast	wh2_main_def_the_forgebound	The Black Forests	cai_region_hint_area_naggarond	官方
43	纳迦罗斯	超凡帝国	巫女林	巫女林	艾瑞尔军锋	是	44.09	509.11	66	660	wh3_main_combi_region_the_witchwood	wh3_main_combi_province_the_witchwood	wh2_dlc16_wef_sisters_of_twilight	The Witchwood	cai_region_hint_area_naggarond	官方
44	纳迦罗斯	超凡帝国	彻寒荒原	冰川花园			115.57	688.46	173	892	wh3_dlc20_combi_region_glacial_gardens	wh3_dlc20_combi_province_frigid_wasteland		The Glacial Gardens	cai_region_hint_area_naggarond	官方
45	纳迦罗斯	超凡帝国	彻寒荒原	废墟之殿		是	153.65	697.33	230	904	wh3_main_combi_region_the_palace_of_ruin	wh3_dlc20_combi_province_frigid_wasteland		The Palace of Ruin	cai_region_hint_area_naggarond	官方
46	纳迦罗斯	超凡帝国	末日林地	海格之厅	德库拉女巫团	是	70.81	496.77	106	644	wh3_main_combi_region_hag_hall	wh3_main_combi_province_doom_glades	wh2_main_def_drackla_coven	Hag Hall	cai_region_hint_area_naggarond	官方
47	纳迦罗斯	超凡帝国	末日林地	瓦尔铁砧	德库拉女巫团		84.17	516.82	126	670	wh3_main_combi_region_vauls_anvil_naggaroth	wh3_main_combi_province_doom_glades	wh2_main_def_drackla_coven	Vaul's Anvil	cai_region_hint_area_naggarond	官方
48	纳迦罗斯	超凡帝国	末日林地	阿达厄斯神殿	德库拉女巫团		50.77	531.48	76	689	wh3_main_combi_region_temple_of_addaioth	wh3_main_combi_province_doom_glades	wh2_main_def_drackla_coven	Temple of Addaioth	cai_region_hint_area_naggarond	官方
49	纳迦罗斯	超凡帝国	枯木林	冰封城	枯木哨兵	是	189.72	672.64	284	872	wh3_main_combi_region_the_frozen_city	wh3_main_combi_province_deadwood	wh2_main_def_deadwood_sentinels	The Frozen City	cai_region_hint_area_naggarond	官方
50	纳迦罗斯	超凡帝国	枯木林	纳格尔	破笼者		181.04	645.26	271	836	wh3_main_combi_region_nagrar	wh3_main_combi_province_deadwood	wh3_main_grn_da_cage_breakaz	Nagrar	cai_region_hint_area_naggarond	官方
51	纳迦罗斯	超凡帝国	枯木林	达格斯	破笼者		166.34	662.23	249	858	wh3_main_combi_region_dargoth	wh3_main_combi_province_deadwood	wh3_main_grn_da_cage_breakaz	Dargoth	cai_region_hint_area_naggarond	官方
52	纳迦罗斯	超凡帝国	泰坦群峰	希拉卓·塔尔	希拉卓·塔尔		42.75	412.69	64	535	wh3_main_combi_region_ssildra_tor	wh3_main_combi_province_titan_peaks	wh2_main_def_ssildra_tor	Ss'ildra Tor	cai_region_hint_area_naggarond	官方
53	纳迦罗斯	超凡帝国	泰坦群峰	昆泰克斯古城	欢愉教派	是	48.77	457.04	73	592	wh3_main_combi_region_ancient_city_of_quintex	wh3_main_combi_province_titan_peaks	wh2_main_def_cult_of_pleasure	Ancient City of Quintex	cai_region_hint_area_naggarond	官方
54	纳迦罗斯	超凡帝国	泰坦群峰	灰岩据点	希拉卓·塔尔		70.81	418.86	106	543	wh3_main_combi_region_grey_rock_point	wh3_main_combi_province_titan_peaks	wh2_main_def_ssildra_tor	Grey Rock Point	cai_region_hint_area_naggarond	官方
55	纳迦罗斯	超凡帝国	泰坦群峰	石化森林	希拉卓·塔尔		51.44	430.04	77	557	wh3_main_combi_region_petrified_forest	wh3_main_combi_province_titan_peaks	wh2_main_def_ssildra_tor	Petrified Forest	cai_region_hint_area_naggarond	官方
56	纳迦罗斯	超凡帝国	灰白海岸	斯喀匹尔巢穴	磨砂氏族		10.02	463.21	15	600	wh3_main_combi_region_scarpels_lair	wh3_main_combi_province_ashen_coast	wh2_dlc16_skv_clan_gritus	Scarpel's Lair	cai_region_hint_area_naggarond	官方
57	纳迦罗斯	超凡帝国	灰白海岸	暴君峰	磨砂氏族	是	14.03	442.39	21	573	wh3_main_combi_region_tyrant_peak	wh3_main_combi_province_ashen_coast	wh2_dlc16_skv_clan_gritus	Tyrant Peak	cai_region_hint_area_naggarond	官方
58	纳迦罗斯	超凡帝国	灰白海岸	萨菲尔斯	磨砂氏族		14.70	410.37	22	532	wh3_main_combi_region_sulpharets	wh3_main_combi_province_ashen_coast	wh2_dlc16_skv_clan_gritus	Sulpharets	cai_region_hint_area_naggarond	官方
59	纳迦罗斯	超凡帝国	灰白海岸	铁刺镇	希拉卓·塔尔		28.73	422.33	43	547	wh3_main_combi_region_ironspike	wh3_main_combi_province_ashen_coast	wh2_main_def_ssildra_tor	Ironspike	cai_region_hint_area_naggarond	官方
60	纳迦罗斯	超凡帝国	破碎之地	亵渎要塞	枯木哨兵	是	250.51	671.48	375	870	wh3_main_combi_region_fortress_of_the_damned	wh3_main_combi_province_the_shard_lands	wh2_main_def_deadwood_sentinels	Fortress of the Damned	cai_region_hint_area_naggarond	官方
61	纳迦罗斯	超凡帝国	破碎之地	煞格瑞斯	枯木哨兵		213.10	658.37	319	853	wh3_main_combi_region_shagrath	wh3_main_combi_province_the_shard_lands	wh2_main_def_deadwood_sentinels	Shagrath	cai_region_hint_area_naggarond	官方
62	纳迦罗斯	超凡帝国	破碎之地	碎屑砦	阿骨尔		209.76	694.24	314	900	wh3_main_combi_region_shard_bastion	wh3_main_combi_province_the_shard_lands	wh2_main_nor_aghol	Shard Bastion	cai_region_hint_area_naggarond	官方
63	纳迦罗斯	超凡帝国	破败之地	卡隆德·卡尔	卡隆德·卡尔	是	185.05	615.17	277	797	wh3_main_combi_region_karond_kar	wh3_main_combi_province_the_broken_lands	wh2_main_def_karond_kar	Karond Kar	cai_region_hint_area_naggarond	官方
64	纳迦罗斯	超凡帝国	破败之地	奴隶贩据点	卡隆德·卡尔		158.99	580.85	238	753	wh3_main_combi_region_slavers_point	wh3_main_combi_province_the_broken_lands	wh2_main_def_karond_kar	Slaver's Point	cai_region_hint_area_naggarond	官方
65	纳迦罗斯	超凡帝国	破败之地	黑溪尖塔	卡隆德·卡尔		179.70	592.80	269	768	wh3_main_combi_region_black_creek_spire	wh3_main_combi_province_the_broken_lands	wh2_main_def_karond_kar	Black Creek Spire	cai_region_hint_area_naggarond	官方
66	纳迦罗斯	超凡帝国	红砂沙漠	克拉克尖塔	尼科放逐者	是	10.69	501.40	16	650	wh3_main_combi_region_clarak_spire	wh3_main_combi_province_red_desert	wh2_dlc09_tmb_exiles_of_nehek	Clarak Spire	cai_region_hint_area_naggarond	官方
67	纳迦罗斯	超凡帝国	红砂沙漠	洛斯咖尖塔	碎镣		8.68	565.81	13	733	wh3_main_combi_region_rothkar_spire	wh3_main_combi_province_red_desert	wh2_dlc16_grn_naggaroth_orcs	Rothkar Spire	cai_region_hint_area_naggarond	官方
68	纳迦罗斯	超凡帝国	红砂沙漠	海美拉尖塔	碎镣		19.37	544.21	29	705	wh3_main_combi_region_khymerica_spire	wh3_main_combi_province_red_desert	wh2_dlc16_grn_naggaroth_orcs	Khymerica Spire	cai_region_hint_area_naggarond	官方
69	纳迦罗斯	超凡帝国	红砂沙漠	蜘蛛平原	碎镣		26.72	522.22	40	677	wh3_main_combi_region_plain_of_spiders	wh3_main_combi_province_red_desert	wh2_dlc16_grn_naggaroth_orcs	Plain of Spiders	cai_region_hint_area_naggarond	官方
70	纳迦罗斯	超凡帝国	花岗岩丘陵	巨石镇	纳迦瑞斯		135.61	582.78	203	755	wh3_main_combi_region_the_monoliths	wh3_main_combi_province_granite_hills	wh2_main_hef_nagarythe	The Monoliths	cai_region_hint_area_naggarond	官方
71	纳迦罗斯	超凡帝国	花岗岩丘陵	拉德莉莉神龛	卡隆德·卡尔		149.64	599.36	224	777	wh3_main_combi_region_shrine_of_ladrielle	wh3_main_combi_province_granite_hills	wh2_main_def_karond_kar	Shrine of Ladrielle	cai_region_hint_area_naggarond	官方
72	纳迦罗斯	超凡帝国	花岗岩丘陵	黯光塔	卡隆德·卡尔	是	140.29	611.70	210	793	wh3_main_combi_region_blacklight_tower	wh3_main_combi_province_granite_hills	wh2_main_def_karond_kar	Blacklight Tower	cai_region_hint_area_naggarond	官方
73	纳迦罗斯	超凡帝国	钢铁山脉	绍卡克山			38.08	592.80	57	768	wh3_main_combi_region_shroktak_mount	wh3_main_combi_province_iron_mountains		Shroktak Mount	cai_region_hint_area_naggarond	官方
74	纳迦罗斯	超凡帝国	钢铁山脉	锐科杜山峡	血毒氏族	是	36.74	626.74	55	812	wh3_main_combi_region_rackdo_gorge	wh3_main_combi_province_iron_mountains	wh2_main_skv_clan_septik	Rackdo Gorge	cai_region_hint_area_naggarond	官方
75	纳迦罗斯	超凡帝国	钢铁矮丘	哈尔·卡卓拉	血毒氏族		54.11	653.74	81	847	wh3_main_combi_region_har_kaldra	wh3_main_combi_province_iron_foothills	wh2_main_skv_clan_septik	Har Kaldra	cai_region_hint_area_naggarond	官方
76	纳迦罗斯	超凡帝国	钢铁矮丘	纳迦隆德	纳迦隆德	是	74.82	627.13	112	813	wh3_main_combi_region_naggarond	wh3_main_combi_province_iron_foothills	wh2_main_def_naggarond	Naggarond	cai_region_hint_area_naggarond	官方
77	纳迦罗斯	超凡帝国	铁砂沙漠	冰岩峡谷			49.43	497.54	74	645	wh3_main_combi_region_ice_rock_gorge	wh3_main_combi_province_ironsand_desert		Ice Rock Gorge	cai_region_hint_area_naggarond	官方
78	纳迦罗斯	超凡帝国	铁砂沙漠	猎犬平原	磨砂氏族	是	26.72	488.28	40	633	wh3_main_combi_region_plain_of_dogs	wh3_main_combi_province_ironsand_desert	wh2_dlc16_skv_clan_gritus	Plain of Dogs	cai_region_hint_area_naggarond	官方
79	纳迦罗斯	超凡帝国	镔铁海岸	上古尖塔	血毒氏族		10.02	629.06	15	815	wh3_main_combi_region_eldar_spire	wh3_main_combi_province_iron_coast	wh2_main_skv_clan_septik	Eldar Spire	cai_region_hint_area_naggarond	官方
80	纳迦罗斯	超凡帝国	镔铁海岸	德库拉尖塔	先祖之军		14.03	602.83	21	781	wh3_main_combi_region_drackla_spire	wh3_main_combi_province_iron_coast	wh3_main_dwf_the_ancestral_throng	Drackla Spire	cai_region_hint_area_naggarond	官方
81	纳迦罗斯	超凡帝国	镔铁海岸	终极黑暗祭坛	血毒氏族	是	29.39	649.50	44	842	wh3_main_combi_region_altar_of_ultimate_darkness	wh3_main_combi_province_iron_coast	wh2_main_skv_clan_septik	Altar of Ultimate Darkness	cai_region_hint_area_naggarond	官方
82	纳迦罗斯	超凡帝国	险恶群峰	大竞技场	戈隆德		103.55	629.83	155	816	wh3_main_combi_region_the_great_arena	wh3_main_combi_province_spiteful_peaks	wh2_main_def_ghrond	The Great Arena	cai_region_hint_area_naggarond	官方
83	纳迦罗斯	超凡帝国	险恶群峰	寒心路	戈隆德		86.84	642.56	130	833	wh3_main_combi_region_chill_road	wh3_main_combi_province_spiteful_peaks	wh2_main_def_ghrond	The Chill Road	cai_region_hint_area_naggarond	官方
84	纳迦罗斯	超凡帝国	险恶群峰	戈隆德	戈隆德	是	104.88	649.11	157	841	wh3_main_combi_region_ghrond	wh3_main_combi_province_spiteful_peaks	wh2_main_def_ghrond	Ghrond	cai_region_hint_area_naggarond	官方
85	纳迦罗斯	超凡帝国	险恶群峰	阿什拉克	戈隆德		90.18	665.31	135	862	wh3_main_combi_region_ashrak	wh3_main_combi_province_spiteful_peaks	wh2_main_def_ghrond	Ashrak	cai_region_hint_area_naggarond	官方
86	纳迦罗斯	超凡帝国	霜铁冰川	冰川营地	蒙人		52.77	696.94	79	903	wh3_dlc20_combi_region_glacier_encampment	wh3_main_combi_province_ironfrost_glacier	wh2_main_nor_mung	Glacier Encampment	cai_region_hint_area_naggarond	官方
87	纳迦罗斯	超凡帝国	霜铁冰川	达卦克灭亡地	戈隆德	是	85.51	701.18	128	909	wh3_main_combi_region_dagraks_end	wh3_main_combi_province_ironfrost_glacier	wh2_main_def_ghrond	Dagrak's End	cai_region_hint_area_naggarond	官方
88	纳迦罗斯	超凡帝国	霜铁冰川	霜铁镇	蒙人		26.72	677.27	40	878	wh3_main_combi_region_ironfrost	wh3_main_combi_province_ironfrost_glacier	wh2_main_nor_mung	Ironfrost	cai_region_hint_area_naggarond	官方
89	纳迦罗斯	超凡帝国	颅骨之路	哈尔·冈西	哈尔·冈西	是	141.62	637.93	212	827	wh3_main_combi_region_har_ganeth	wh3_main_combi_province_the_road_of_skulls	wh2_main_def_har_ganeth	Har Ganeth	cai_region_hint_area_naggarond	官方
90	纳迦罗斯	超凡帝国	颅骨之路	恶怨地	破笼者		126.93	651.81	190	845	wh3_main_combi_region_spite_reach	wh3_main_combi_province_the_road_of_skulls	wh3_main_grn_da_cage_breakaz	Spite Reach	cai_region_hint_area_naggarond	官方
91	纳迦罗斯	超凡帝国	颅骨之路	漆黑石柱	破笼者		142.96	654.90	214	849	wh3_main_combi_region_the_black_pillar	wh3_main_combi_province_the_road_of_skulls	wh3_main_grn_da_cage_breakaz	The Black Pillar	cai_region_hint_area_naggarond	官方
92	纳迦罗斯	超凡帝国	颅骨之路	考阿克	破笼者		134.94	672.64	202	872	wh3_main_combi_region_kauark	wh3_main_combi_province_the_road_of_skulls	wh3_main_grn_da_cage_breakaz	Kauark	cai_region_hint_area_naggarond	官方
93	纳迦罗斯	超凡帝国	黑曜石群峰	克拉卡隆德	克拉卡隆德	是	78.16	560.41	117	726	wh3_main_combi_region_clar_karond	wh3_main_combi_province_obsidian_peaks	wh2_main_def_clar_karond	Clar Karond	cai_region_hint_area_naggarond	官方
94	纳迦罗斯	超凡帝国	黑曜石群峰	斯托格·科尔			48.10	560.79	72	727	wh3_main_combi_region_storag_kor	wh3_main_combi_province_obsidian_peaks		Storag Kor	cai_region_hint_area_naggarond	官方
95	纳迦罗斯	超凡帝国	黑曜石群峰	毁灭石环	克拉卡隆德		106.22	584.32	159	757	wh3_main_combi_region_circle_of_destruction	wh3_main_combi_province_obsidian_peaks	wh2_main_def_clar_karond	Circle of Destruction	cai_region_hint_area_naggarond	官方
96	纳迦罗斯	超凡帝国	黑曜石群峰	毒液林地	克拉卡隆德		94.86	546.91	142	709	wh3_main_combi_region_venom_glade	wh3_main_combi_province_obsidian_peaks	wh2_main_def_clar_karond	Venom Glade	cai_region_hint_area_naggarond	官方
97	纳迦罗斯	超凡帝国	黑色涝地	凯恩神殿			59.45	608.23	89	788	wh3_main_combi_region_temple_of_khaine	wh3_main_combi_province_the_black_flood		Temple of Khaine	cai_region_hint_area_naggarond	官方
98	纳迦罗斯	超凡帝国	黑色涝地	夸格兹深渊			68.81	591.26	103	766	wh3_main_combi_region_cragroth_deep	wh3_main_combi_province_the_black_flood		Cragroth Deep	cai_region_hint_area_naggarond	官方
99	纳迦罗斯	超凡帝国	黑色涝地	海格·葛雷夫	海格·葛雷夫	是	92.86	607.46	139	787	wh3_main_combi_region_hag_graef	wh3_main_combi_province_the_black_flood	wh2_main_def_hag_graef	Hag Graef	cai_region_hint_area_naggarond	官方
100	露丝契亚	超凡帝国	吸血蚊沼泽	斯兰雾佩克	斯兰雾佩克	是	143.63	204.03	215	264	wh3_main_combi_region_xlanhuapec	wh3_main_combi_province_mosquito_swamps	wh2_main_lzd_xlanhuapec	Xlanhuapec	cai_region_hint_area_lustria	官方
101	露丝契亚	超凡帝国	吸血蚊沼泽	阿斯罗托	斯兰雾佩克		138.28	178.57	207	231	wh3_main_combi_region_axlotl	wh3_main_combi_province_mosquito_swamps	wh2_main_lzd_xlanhuapec	Axlotl	cai_region_hint_area_lustria	官方
102	露丝契亚	超凡帝国	吸血蚊沼泽	鲜血沼泽			159.66	181.66	239	235	wh3_main_combi_region_the_blood_swamps	wh3_main_combi_province_mosquito_swamps		The Blood Swamps	cai_region_hint_area_lustria	官方
103	露丝契亚	超凡帝国	地峡海岸	掠夺者港	新世界殖民者		65.47	371.03	98	481	wh3_main_combi_region_port_reaver	wh3_main_combi_province_the_isthmus_coast	wh2_main_emp_new_world_colonies	Port Reaver	cai_region_hint_area_lustria	官方
104	露丝契亚	超凡帝国	地峡海岸	斯科吉	斯科吉	是	84.17	395.72	126	513	wh3_main_combi_region_skeggi	wh3_main_combi_province_the_isthmus_coast	wh2_main_nor_skeggi	Skeggi	cai_region_hint_area_lustria	官方
105	露丝契亚	超凡帝国	地峡海岸	黎明金字塔	斯科吉		61.46	398.80	92	517	wh3_main_combi_region_ziggurat_of_dawn	wh3_main_combi_province_the_isthmus_coast	wh2_main_nor_skeggi	Ziggurat of Dawn	cai_region_hint_area_lustria	官方
106	露丝契亚	超凡帝国	夜森林路	凯阿克斯	斯克拉特氏族	是	127.59	91.41	191	118	wh3_main_combi_region_kaiax	wh3_main_combi_province_the_night_forest_road	wh3_main_skv_clan_skrat	Kaiax	cai_region_hint_area_lustria	官方
107	露丝契亚	超凡帝国	夜森林路	斯兰泽克	索提戈教派		161.00	84.47	241	109	wh3_main_combi_region_xlanzec	wh3_main_combi_province_the_night_forest_road	wh2_dlc12_lzd_cult_of_sotek	Xlanzec	cai_region_hint_area_lustria	官方
108	露丝契亚	超凡帝国	失落溪谷	奥克斯欧	疫病氏族	是	122.25	144.63	183	187	wh3_main_combi_region_oyxl	wh3_main_combi_province_the_lost_valley	wh2_main_skv_clan_pestilens	Oyxl	cai_region_hint_area_lustria	官方
109	露丝契亚	超凡帝国	失落溪谷	时光哨塔	南方哨站		126.93	117.25	190	152	wh3_main_combi_region_the_sentinel_of_time	wh3_main_combi_province_the_lost_valley	wh2_main_lzd_southern_sentinels	The Sentinel of Time	cai_region_hint_area_lustria	官方
110	露丝契亚	超凡帝国	失落溪谷	萨巴图纳	疫病氏族		97.53	155.05	146	201	wh3_main_combi_region_subatuun	wh3_main_combi_province_the_lost_valley	wh2_main_skv_clan_pestilens	Subatuun	cai_region_hint_area_lustria	官方
111	露丝契亚	超凡帝国	帕花拉夏雨林	帕花科斯	蓝蝰蛇	是	61.46	331.69	92	430	wh3_main_combi_region_pahuax	wh3_main_combi_province_jungles_of_pahualaxa	wh2_main_grn_blue_vipers	Pahuax	cai_region_hint_area_lustria	官方
112	露丝契亚	超凡帝国	帕花拉夏雨林	月之碑	新世界殖民者		96.86	351.36	145	455	wh3_main_combi_region_monument_of_the_moon	wh3_main_combi_province_jungles_of_pahualaxa	wh2_main_emp_new_world_colonies	Monument of the Moon	cai_region_hint_area_lustria	官方
113	露丝契亚	超凡帝国	帕花拉夏雨林	沼泽镇	新世界殖民者		60.79	354.45	91	459	wh3_main_combi_region_swamp_town	wh3_main_combi_province_jungles_of_pahualaxa	wh2_main_emp_new_world_colonies	Swamp Town	cai_region_hint_area_lustria	官方
114	露丝契亚	超凡帝国	帕花拉夏雨林	索提戈圣殿	蓝蝰蛇		31.40	329.76	47	427	wh3_main_combi_region_shrine_of_sotek	wh3_main_combi_province_jungles_of_pahualaxa	wh2_main_grn_blue_vipers	Shrine of Sotek	cai_region_hint_area_lustria	官方
115	露丝契亚	超凡帝国	海龟群岛	巨龟岛	千噬	是	20.71	193.23	31	250	wh3_main_combi_region_great_turtle_isle	wh3_main_combi_province_the_turtle_isles	wh2_twa03_def_rakarth	Great Turtle Isle	cai_region_hint_area_lustria	官方
116	露丝契亚	超凡帝国	海龟群岛	幻象之所	瑟提哨站		47.43	210.97	71	273	wh3_main_combi_region_chamber_of_visions	wh3_main_combi_province_the_turtle_isles	wh2_main_lzd_sentinels_of_xeti	Chamber of Visions	cai_region_hint_area_lustria	官方
117	露丝契亚	超凡帝国	海龟群岛	瑟提哨站	瑟提哨站		51.44	187.83	77	243	wh3_main_combi_region_sentinels_of_xeti	wh3_main_combi_province_the_turtle_isles	wh2_main_lzd_sentinels_of_xeti	Sentinels of Xeti	cai_region_hint_area_lustria	官方
118	露丝契亚	超凡帝国	海龟群岛	金色金字塔	瑟提哨站		24.72	217.91	37	282	wh3_main_combi_region_golden_ziggurat	wh3_main_combi_province_the_turtle_isles	wh2_main_lzd_sentinels_of_xeti	Golden Ziggurat	cai_region_hint_area_lustria	官方
119	露丝契亚	超凡帝国	火山群岛	巨蛇烟岛			191.06	178.96	286	232	wh3_main_combi_region_fuming_serpent	wh3_main_combi_province_volcanic_islands		Fuming Serpent	cai_region_hint_area_lustria	官方
120	露丝契亚	超凡帝国	火山群岛	星辰塔	恶唾氏族	是	187.05	165.07	280	214	wh3_main_combi_region_the_star_tower	wh3_main_combi_province_volcanic_islands	wh2_main_skv_clan_spittel	The Star Tower	cai_region_hint_area_lustria	官方
121	露丝契亚	超凡帝国	猎头者丛林	古圣印迹	恶唾氏族		150.31	142.32	225	184	wh3_main_combi_region_marks_of_the_old_ones	wh3_main_combi_province_headhunters_jungle	wh2_main_skv_clan_spittel	Marks of the Old Ones	cai_region_hint_area_lustria	官方
122	露丝契亚	超凡帝国	猎头者丛林	大角鼠祭坛	恶唾氏族	是	163.67	159.29	245	206	wh3_main_combi_region_altar_of_the_horned_rat	wh3_main_combi_province_headhunters_jungle	wh2_main_skv_clan_spittel	Altar of the Horned Rat	cai_region_hint_area_lustria	官方
123	露丝契亚	超凡帝国	破碎岬	暮光要塞	暮光要塞	是	201.75	68.65	302	89	wh3_main_combi_region_citadel_of_dusk	wh3_main_combi_province_the_capes	wh2_main_hef_citadel_of_dusk	Citadel of Dusk	cai_region_hint_area_lustria	官方
124	露丝契亚	超凡帝国	破碎岬	暮色群峰	暮光要塞		187.72	81.38	281	105	wh3_main_combi_region_dusk_peaks	wh3_main_combi_province_the_capes	wh2_main_hef_citadel_of_dusk	Dusk Peaks	cai_region_hint_area_lustria	官方
125	露丝契亚	超凡帝国	神圣水池	神圣水池	维生池守望者	是	102.21	201.72	153	261	wh3_main_combi_region_the_sacred_pools	wh3_main_combi_province_the_sacred_pools	wh2_dlc16_lzd_wardens_of_the_living_pools	The Sacred Pools	cai_region_hint_area_lustria	官方
126	露丝契亚	超凡帝国	索提戈之脊	厉咒峰	索提戈之脊矮人		100.87	133.06	151	172	wh3_main_combi_region_thrice_cursed_peak	wh3_main_combi_province_spine_of_sotek	wh2_main_dwf_spine_of_sotek_dwarfs	Thrice-cursed Peak	cai_region_hint_area_lustria	官方
127	露丝契亚	超凡帝国	索提戈之脊	死胡子矿井	索提戈之脊矮人	是	80.16	167.39	120	217	wh3_main_combi_region_mine_of_the_bearded_skulls	wh3_main_combi_province_spine_of_sotek	wh2_main_dwf_spine_of_sotek_dwarfs	Mine of the Bearded Skulls	cai_region_hint_area_lustria	官方
128	露丝契亚	超凡帝国	绿雾雨林	未视石厅	血厅女巫团		39.41	256.48	59	332	wh3_main_combi_region_pillars_of_unseen_constellations	wh3_main_combi_province_jungles_of_green_mist	wh2_main_def_blood_hall_coven	Pillars of Unseen Constellations	cai_region_hint_area_lustria	官方
129	露丝契亚	超凡帝国	绿雾雨林	永恒之源	血厅女巫团		47.43	275.77	71	357	wh3_main_combi_region_wellsprings_of_eternity	wh3_main_combi_province_jungles_of_green_mist	wh2_main_def_blood_hall_coven	Wellsprings of Eternity	cai_region_hint_area_lustria	官方
130	露丝契亚	超凡帝国	绿雾雨林	鲜血之厅	诅咒剧团	是	17.37	256.10	26	332	wh3_main_combi_region_the_blood_hall	wh3_main_combi_province_jungles_of_green_mist	wh3_dlc27_sla_masque_of_slaanesh	The Blood Hall	cai_region_hint_area_lustria	官方
131	露丝契亚	超凡帝国	网道雨林	塔拉克斯	吸血鬼海岸哗变者		173.02	223.31	259	289	wh3_main_combi_region_tlax	wh3_main_combi_province_vampire_coast	wh2_dlc11_cst_vampire_coast_rebels	Tlax	cai_region_hint_area_lustria	官方
132	露丝契亚	超凡帝国	网道雨林	疱疹沼泽	吸血鬼海岸哗变者		199.07	218.30	298	283	wh3_main_combi_region_pox_marsh	wh3_main_combi_province_vampire_coast	wh2_dlc11_cst_vampire_coast_rebels	Pox Marsh	cai_region_hint_area_lustria	官方
133	露丝契亚	超凡帝国	网道雨林	觉醒地	觉醒者	是	184.38	202.10	276	262	wh3_main_combi_region_the_awakening	wh3_main_combi_province_vampire_coast	wh2_dlc11_cst_vampire_coast	The Awakening	cai_region_hint_area_lustria	官方
134	露丝契亚	超凡帝国	考琛平原	南方哨站	南方哨站	是	149.64	102.59	224	133	wh3_main_combi_region_the_southern_sentinels	wh3_main_combi_province_culchan_plains	wh2_main_lzd_southern_sentinels	The Southern Sentinels	cai_region_hint_area_lustria	官方
135	露丝契亚	超凡帝国	考琛平原	查佩尤托	南方哨站		167.68	126.12	251	163	wh3_main_combi_region_chupayotl	wh3_main_combi_province_culchan_plains	wh2_main_lzd_southern_sentinels	Chupayotl	cai_region_hint_area_lustria	官方
136	露丝契亚	超凡帝国	考琛平原	红树林海岸	南方哨站		175.69	106.06	263	137	wh3_main_combi_region_mangrove_coast	wh3_main_combi_province_culchan_plains	wh2_main_lzd_southern_sentinels	Mangrove Coast	cai_region_hint_area_lustria	官方
137	露丝契亚	超凡帝国	艾玛拉沼泽	入云哨塔	蓝蝰蛇		80.16	311.64	120	404	wh3_main_combi_region_the_high_sentinel	wh3_main_combi_province_aymara_swamps	wh2_main_grn_blue_vipers	The High Sentinel	cai_region_hint_area_lustria	官方
138	露丝契亚	超凡帝国	艾玛拉沼泽	悬浮金字塔	玉廷		69.48	303.92	104	394	wh3_main_combi_region_floating_pyramid	wh3_main_combi_province_aymara_swamps	wh3_dlc24_cth_the_celestial_court	Floating Pyramid	cai_region_hint_area_lustria	官方
139	露丝契亚	超凡帝国	艾玛拉沼泽	绯红骷髅岛	玉廷	是	41.42	313.95	62	407	wh3_main_combi_region_isle_of_the_crimson_skull	wh3_main_combi_province_aymara_swamps	wh3_dlc24_cth_the_celestial_court	Isle of the Crimson Skull	cai_region_hint_area_lustria	官方
140	露丝契亚	超凡帝国	蒄棘山谷	查库阿	万变使徒		116.24	210.59	174	273	wh3_main_combi_region_chaqua	wh3_main_combi_province_the_gwangee_valley	wh3_dlc20_tze_apostles_of_change	Chaqua	cai_region_hint_area_lustria	官方
141	露丝契亚	超凡帝国	蒄棘山谷	茱伊泰克斯	万变使徒		94.86	232.18	142	301	wh3_main_combi_region_quittax	wh3_main_combi_province_the_gwangee_valley	wh3_dlc20_tze_apostles_of_change	Qu'ittax	cai_region_hint_area_lustria	官方
142	露丝契亚	超凡帝国	蒄棘山谷	霍罗妥	血腥流浪者	是	66.14	238.74	99	309	wh3_main_combi_region_hualotal	wh3_main_combi_province_the_gwangee_valley	wh3_dlc26_kho_skulltaker	Hualotal	cai_region_hint_area_lustria	官方
143	露丝契亚	超凡帝国	蠕行丛林	伊扎塔之碑	螨疮氏族		70.14	271.91	105	352	wh3_main_combi_region_monument_of_izzatal	wh3_main_combi_province_the_creeping_jungle	wh2_dlc12_skv_clan_mange	Monument of Izzatal	cai_region_hint_area_lustria	官方
144	露丝契亚	超凡帝国	蠕行丛林	卡拉神殿	猎人元帅远征军		101.54	282.32	152	366	wh3_main_combi_region_temple_of_kara	wh3_main_combi_province_the_creeping_jungle	wh2_dlc13_emp_the_huntmarshals_expedition	Temple of Kara	cai_region_hint_area_lustria	官方
145	露丝契亚	超凡帝国	蠕行丛林	斯皮卡祖玛	螨疮氏族	是	58.12	291.97	87	378	wh3_main_combi_region_spektazuma	wh3_main_combi_province_the_creeping_jungle	wh2_dlc12_skv_clan_mange	Spektazuma	cai_region_hint_area_lustria	官方
146	露丝契亚	超凡帝国	露丝契亚地峡	失陷之门	极乐守卫		29.39	393.40	44	510	wh3_main_combi_region_fallen_gates	wh3_main_combi_province_isthmus_of_lustria	wh3_dlc20_sla_keepers_of_bliss	Fallen Gates	cai_region_hint_area_lustria	官方
147	露丝契亚	超凡帝国	露丝契亚地峡	赫斯欧塔	赫斯欧塔	是	46.09	377.59	69	489	wh3_main_combi_region_hexoatl	wh3_main_combi_province_isthmus_of_lustria	wh2_main_lzd_hexoatl	Hexoatl	cai_region_hint_area_lustria	官方
148	露丝契亚	超凡帝国	露丝契亚地峡	马库群峰	极乐守卫		35.41	352.91	53	457	wh3_main_combi_region_macu_peaks	wh3_main_combi_province_isthmus_of_lustria	wh3_dlc20_sla_keepers_of_bliss	Macu Peaks	cai_region_hint_area_lustria	官方
149	露丝契亚	超凡帝国	食人鱼沼泽	塔兰克斯拉	塔拉克斯兰		83.50	255.71	125	331	wh3_main_combi_region_tlanxla	wh3_main_combi_province_scorpion_coast	wh2_main_lzd_tlaxtlan	Tlanxla	cai_region_hint_area_lustria	官方
150	露丝契亚	超凡帝国	食人鱼沼泽	塔拉克斯兰	塔拉克斯兰	是	109.56	249.93	164	324	wh3_main_combi_region_tlaxtlan	wh3_main_combi_province_scorpion_coast	wh2_main_lzd_tlaxtlan	Tlaxtlan	cai_region_hint_area_lustria	官方
151	露丝契亚	超凡帝国	食人鱼沼泽	布雷贡	波尔德罗长征军		143.63	258.80	215	335	wh3_main_combi_region_temple_of_tlencan	wh3_main_combi_province_scorpion_coast	wh_main_brt_bordeleaux	Bregonne	cai_region_hint_area_lustria	官方
152	露丝契亚	超凡帝国	食人鱼沼泽	扎慧塔克	塔拉克斯兰		136.28	236.81	204	307	wh3_main_combi_region_xahutec	wh3_main_combi_province_scorpion_coast	wh2_main_lzd_tlaxtlan	Xahutec	cai_region_hint_area_lustria	官方
153	露丝契亚	超凡帝国	魁伟扎河	伊塔扎	伊塔扎	是	112.23	184.36	168	239	wh3_main_combi_region_itza	wh3_main_combi_province_river_qurveza	wh2_main_lzd_itza	Itza	cai_region_hint_area_lustria	官方
154	露丝契亚	超凡帝国	魁伟扎河	奎扎	苍白乳婴		124.25	168.93	186	219	wh3_main_combi_region_quetza	wh3_main_combi_province_river_qurveza	wh3_dlc20_nur_pallid_nurslings	Quetza	cai_region_hint_area_lustria	官方
155	露丝契亚	超凡帝国	魁伟扎河	阿斯霍托	苍白乳婴		88.85	183.97	133	238	wh3_main_combi_region_xhotl	wh3_main_combi_province_river_qurveza	wh3_dlc20_nur_pallid_nurslings	Xhotl	cai_region_hint_area_lustria	官方
156	露丝契亚	超凡帝国	黄铜沙漠	尘埃之门	卡特普离散者		93.52	120.34	140	156	wh3_main_combi_region_the_dust_gate	wh3_main_combi_province_copper_desert	wh3_main_tmb_deserters_of_khatep	The Dust Gate	cai_region_hint_area_lustria	官方
157	露丝契亚	超凡帝国	黄铜沙漠	黄金巨像	卡特普离散者	是	57.45	162.76	86	211	wh3_main_combi_region_the_golden_colossus	wh3_main_combi_province_copper_desert	wh3_main_tmb_deserters_of_khatep	The Golden Colossus	cai_region_hint_area_lustria	官方
158	露丝契亚	超凡帝国	黄铜沙漠	黄铜滩	卡特普离散者		75.49	133.06	113	172	wh3_main_combi_region_the_copper_landing	wh3_main_combi_province_copper_desert	wh3_main_tmb_deserters_of_khatep	The Copper Landing	cai_region_hint_area_lustria	官方
159	南地	超凡帝国	丛林之心	奥瑞恩营地	奥瑞恩箭团	是	428.21	167.00	641	216	wh3_main_combi_region_oreons_camp	wh3_main_combi_province_heart_of_the_jungle	wh2_main_wef_bowmen_of_oreon	Oreon's Camp	cai_region_hint_area_southlands	官方
160	南地	超凡帝国	东方殖民地	塔尔·艾拉逊	恐惧之岩私掠舰队		608.58	60.55	911	78	wh3_main_combi_region_tor_elasor	wh3_main_combi_province_eastern_colonies	wh3_main_cst_dread_rock_privateers	Tor Elasor		就近推定
161	南地	超凡帝国	东方殖民地	烈阳之塔	恐惧之岩私掠舰队	是	655.34	102.98	981	133	wh3_main_combi_region_tower_of_the_sun	wh3_main_combi_province_eastern_colonies	wh3_main_cst_dread_rock_privateers	Tower of the Sun		就近推定
162	南地	超凡帝国	东方殖民地	群星之塔	恐惧之岩私掠舰队		625.28	133.45	936	173	wh3_main_combi_region_tower_of_the_stars	wh3_main_combi_province_eastern_colonies	wh3_main_cst_dread_rock_privateers	Tower of the Stars		就近推定
163	南地	超凡帝国	中央雨林	寇斯欧塔	血手	是	427.54	130.36	640	169	wh3_main_combi_region_cuexotl	wh3_main_combi_province_central_jungles	wh_main_grn_orcs_of_the_bloody_hand	Cuexotl	cai_region_hint_area_southlands	官方
164	南地	超凡帝国	中央雨林	日之树林地	碎叶者部落		406.83	139.23	609	180	wh3_main_combi_region_sun_tree_glades	wh3_main_combi_province_central_jungles	wh2_dlc12_grn_leaf_cutterz_tribe	Sun-Tree Glades	cai_region_hint_area_southlands	官方
165	南地	超凡帝国	中央雨林	纳赫托	碎叶者部落		375.43	112.62	562	146	wh3_main_combi_region_nahuontl	wh3_main_combi_province_central_jungles	wh2_dlc12_grn_leaf_cutterz_tribe	Nahuontl	cai_region_hint_area_southlands	官方
166	南地	超凡帝国	亡者之地	努玛斯	努玛斯		434.89	229.49	651	297	wh3_main_combi_region_numas	wh3_main_combi_province_land_of_the_dead	wh2_dlc09_tmb_numas	Numas	cai_region_hint_area_southlands	官方
167	南地	超凡帝国	亡者之地	喀穆里	喀穆里	是	408.84	222.93	612	289	wh3_main_combi_region_khemri	wh3_main_combi_province_land_of_the_dead	wh2_dlc09_tmb_khemri	Khemri	cai_region_hint_area_southlands	官方
168	南地	超凡帝国	亡者之地	夸塔	努玛斯		452.93	213.67	678	277	wh3_main_combi_region_quatar	wh3_main_combi_province_land_of_the_dead	wh2_dlc09_tmb_numas	Quatar	cai_region_hint_area_southlands	官方
169	南地	超凡帝国	亡者之地	永生之泉	尼古拉契兄弟会		419.52	206.73	628	268	wh3_main_combi_region_springs_of_eternal_life	wh3_main_combi_province_land_of_the_dead	wh2_main_vmp_necrarch_brotherhood	Springs of Eternal Life	cai_region_hint_area_southlands	官方
170	南地	超凡帝国	刺客之地	巫法哈里发宫殿	纳迦什信徒	是	291.93	207.89	437	269	wh3_main_combi_region_wizard_caliphs_palace	wh3_main_combi_province_land_of_assassins	wh2_dlc09_tmb_followers_of_nagash	Wizard Caliph's Palace	cai_region_hint_area_southlands	官方
171	南地	超凡帝国	刺客之地	拉什喀	明焰骑士团		299.28	242.98	448	315	wh3_main_combi_region_lashiek	wh3_main_combi_province_land_of_assassins	wh2_main_brt_knights_of_the_flame	Lashiek	cai_region_hint_area_southlands	官方
172	南地	超凡帝国	刺客之地	术士群岛	纳迦什信徒		280.57	238.36	420	309	wh3_main_combi_region_sorcerers_islands	wh3_main_combi_province_land_of_assassins	wh2_dlc09_tmb_followers_of_nagash	Sorcerers' Islands	cai_region_hint_area_southlands	官方
173	南地	超凡帝国	南地世界边缘山脉	卡拉克·高原堡	铁眉远征军	是	455.60	170.47	682	221	wh3_main_combi_region_karak_zorn	wh3_main_combi_province_southlands_worlds_edge_mountains	wh2_dlc17_dwf_thorek_ironbrow	Karak Zorn	cai_region_hint_area_southlands	官方
174	南地	超凡帝国	南地世界边缘山脉	失落高原	巨蜘蛛		470.30	187.44	704	243	wh3_main_combi_region_lost_plateau	wh3_main_combi_province_southlands_worlds_edge_mountains	wh2_main_grn_arachnos	Lost Plateau	cai_region_hint_area_southlands	官方
175	南地	超凡帝国	南地世界边缘山脉	蛛网山	巨蜘蛛		476.31	206.34	713	267	wh3_main_combi_region_mount_arachnos	wh3_main_combi_province_southlands_worlds_edge_mountains	wh2_main_grn_arachnos	Mount Arachnos	cai_region_hint_area_southlands	官方
176	南地	超凡帝国	南部雨林	尤忒科	泽特兰		402.16	77.91	602	101	wh3_main_combi_region_yuatek	wh3_main_combi_province_southern_jungles	wh2_main_lzd_zlatan	Yuatek	cai_region_hint_area_southlands	官方
177	南地	超凡帝国	南部雨林	泽特兰	泽特兰	是	407.50	94.88	610	123	wh3_main_combi_region_zlatlan	wh3_main_combi_province_southern_jungles	wh2_main_lzd_zlatan	Zlatlan	cai_region_hint_area_southlands	官方
178	南地	超凡帝国	大幽冥河三角洲	纳迦什黑色金字塔	前哨站	是	386.79	218.69	579	283	wh3_main_combi_region_black_pyramid_of_nagash	wh3_main_combi_province_great_mortis_delta	wh2_dlc09_tmb_the_sentinels	Black Pyramid of Nagash	cai_region_hint_area_southlands	官方
179	南地	超凡帝国	恶魔之脊	卡拉格·红云山	巨蜘蛛	是	480.98	238.36	720	309	wh3_main_combi_region_karag_orrud	wh3_main_combi_province_devils_backbone	wh2_main_grn_arachnos	Karag Orrud	cai_region_hint_area_southlands	官方
180	南地	超凡帝国	恶魔之脊	岗岩丘			504.37	236.43	755	306	wh3_main_combi_region_granite_massif	wh3_main_combi_province_devils_backbone		Granite Massif	cai_region_hint_area_southlands	官方
181	南地	超凡帝国	恶魔之脊	玛哈拉克	白银血军		515.72	246.84	772	320	wh3_main_combi_region_mahrak	wh3_main_combi_province_devils_backbone	wh2_main_vmp_the_silver_host	Mahrak	cai_region_hint_area_southlands	官方
182	南地	超凡帝国	撕裂之地	卡拉巴德	拉卡封王朝		355.39	210.59	532	273	wh3_main_combi_region_el_kalabad	wh3_main_combi_province_the_cracked_land	wh2_dlc09_tmb_rakaph_dynasty	El-Kalabad	cai_region_hint_area_southlands	官方
183	南地	超凡帝国	撕裂之地	绝望之池	拉卡封王朝		349.38	234.88	523	304	wh3_main_combi_region_pools_of_despair	wh3_main_combi_province_the_cracked_land	wh2_dlc09_tmb_rakaph_dynasty	Pools of Despair	cai_region_hint_area_southlands	官方
184	南地	超凡帝国	撕裂之地	赞迪里	欧瑞格骑士		361.41	251.08	541	325	wh3_main_combi_region_zandri	wh3_main_combi_province_the_cracked_land	wh2_main_brt_knights_of_origo	Zandri	cai_region_hint_area_southlands	官方
185	南地	超凡帝国	撕裂之地	阿克汉黑塔	拉卡封王朝	是	367.42	226.79	550	294	wh3_main_combi_region_black_tower_of_arkhan	wh3_main_combi_province_the_cracked_land	wh2_dlc09_tmb_rakaph_dynasty	Black Tower of Arkhan	cai_region_hint_area_southlands	官方
186	南地	超凡帝国	活死人环坑	末日林地	白银血军		540.44	217.91	809	282	wh3_main_combi_region_doom_glade	wh3_main_combi_province_crater_of_the_waking_dead	wh2_main_vmp_the_silver_host	Doom Glade	cai_region_hint_area_southlands	官方
187	南地	超凡帝国	活死人环坑	莱巴拉斯	莱巴拉斯宫廷		551.13	244.91	825	317	wh3_main_combi_region_lybaras	wh3_main_combi_province_crater_of_the_waking_dead	wh2_dlc09_tmb_lybaras	Lybaras	cai_region_hint_area_southlands	官方
188	南地	超凡帝国	活死人环坑	莱弥亚	白银血军	是	533.09	267.67	798	347	wh3_main_combi_region_lahmia	wh3_main_combi_province_crater_of_the_waking_dead	wh2_main_vmp_the_silver_host	Lahmia	cai_region_hint_area_southlands	官方
189	南地	超凡帝国	活死人环坑	阿斯崔	白银血军		511.71	221.39	766	287	wh3_main_combi_region_rasetra	wh3_main_combi_province_crater_of_the_waking_dead	wh2_main_vmp_the_silver_host	Rasetra	cai_region_hint_area_southlands	官方
190	南地	超凡帝国	漂移沙地	卡-萨拜	邓肯霍夫秘会	是	428.88	190.53	642	247	wh3_main_combi_region_ka_sabar	wh3_main_combi_province_shifting_sands	wh_main_vmp_vampire_counts	Ka-Sabar	cai_region_hint_area_southlands	官方
191	南地	超凡帝国	漂移沙地	安拓克	沙丘王国		403.49	168.93	604	219	wh3_main_combi_region_antoch	wh3_main_combi_province_shifting_sands	wh2_dlc09_tmb_dune_kingdoms	Antoch	cai_region_hint_area_southlands	官方
192	南地	超凡帝国	漂移沙地	巴格	沙丘王国		399.48	189.76	598	246	wh3_main_combi_region_bhagar	wh3_main_combi_province_shifting_sands	wh2_dlc09_tmb_dune_kingdoms	Bhagar	cai_region_hint_area_southlands	官方
193	南地	超凡帝国	苦行僧之地	獠牙平原	沙丘王国		374.10	176.65	560	229	wh3_main_combi_region_plain_of_tuskers	wh3_main_combi_province_land_of_the_dervishes	wh2_dlc09_tmb_dune_kingdoms	Plain of Tuskers	cai_region_hint_area_southlands	官方
194	南地	超凡帝国	苦行僧之地	萨登堡	西格玛教会	是	367.42	195.93	550	254	wh3_main_combi_region_sudenburg	wh3_main_combi_province_land_of_the_dervishes	wh3_main_emp_cult_of_sigmar	Sudenburg	cai_region_hint_area_southlands	官方
195	南地	超凡帝国	西部雨林	众神雕像	碎叶者部落		364.08	135.38	545	175	wh3_main_combi_region_statues_of_the_gods	wh3_main_combi_province_western_jungles	wh2_dlc12_grn_leaf_cutterz_tribe	Statues of the Gods	cai_region_hint_area_southlands	官方
196	南地	超凡帝国	西部雨林	塔拉夸	塔拉夸	是	363.41	156.59	544	203	wh3_main_combi_region_tlaqua	wh3_main_combi_province_western_jungles	wh2_main_lzd_tlaqua	Tlaqua	cai_region_hint_area_southlands	官方
197	南地	超凡帝国	西部雨林	死颅巨岩	碎叶者部落		332.01	154.66	497	200	wh3_main_combi_region_deaths_head_monoliths	wh3_main_combi_province_western_jungles	wh2_dlc12_grn_leaf_cutterz_tribe	Dead-Head Monoliths	cai_region_hint_area_southlands	官方
198	南地	超凡帝国	诸神雨林	索提戈之痕	恶疾氏族		474.30	125.73	710	163	wh3_main_combi_region_soteks_trail	wh3_main_combi_province_the_jungles_of_the_gods	wh3_main_skv_clan_morbidus	Sotek's Trail	cai_region_hint_area_southlands	官方
199	南地	超凡帝国	诸神雨林	索提戈之穴	恶疾氏族		449.59	82.15	673	106	wh3_main_combi_region_caverns_of_sotek	wh3_main_combi_province_the_jungles_of_the_gods	wh3_main_skv_clan_morbidus	Caverns of Sotek	cai_region_hint_area_southlands	官方
200	南地	超凡帝国	诸神雨林	黄金神道	恶疾氏族	是	479.65	92.57	718	120	wh3_main_combi_region_temple_avenue_of_gold	wh3_main_combi_province_the_jungles_of_the_gods	wh3_main_skv_clan_morbidus	Temple Avenue of Gold	cai_region_hint_area_southlands	官方
201	南地	超凡帝国	野兽国度	巨蛇海岸	莫尔德金氏族		531.09	169.32	795	219	wh3_main_combi_region_serpent_coast	wh3_main_combi_province_kingdom_of_beasts	wh2_main_skv_clan_mordkin	Serpent Coast	cai_region_hint_area_southlands	官方
202	南地	超凡帝国	野兽国度	白骨神庙	莫尔德金氏族	是	515.05	191.69	771	248	wh3_main_combi_region_temple_of_skulls	wh3_main_combi_province_kingdom_of_beasts	wh2_main_skv_clan_mordkin	Temple of Skulls	cai_region_hint_area_southlands	官方
203	南地	超凡帝国	野兽国度	诅咒丛林	莫尔德金氏族		497.02	165.85	744	215	wh3_main_combi_region_the_cursed_jungle	wh3_main_combi_province_kingdom_of_beasts	wh2_main_skv_clan_mordkin	The Cursed Jungle	cai_region_hint_area_southlands	官方
204	南地	超凡帝国	阿塔兰山脉	玛泰克	瑟安圣战军		326.67	244.91	489	317	wh3_main_combi_region_martek	wh3_main_combi_province_atalan_mountains	wh2_main_brt_thegans_crusaders	Martek	cai_region_hint_area_southlands	官方
205	南地	超凡帝国	阿塔兰山脉	秃鹫山	灰须勘探队	是	303.29	222.93	454	289	wh3_main_combi_region_vulture_mountain	wh3_main_combi_province_atalan_mountains	wh2_main_dwf_greybeards_prospectors	Vulture Mountain	cai_region_hint_area_southlands	官方
206	南地	超凡帝国	阿塔兰山脉	黑豹之眼	灰须勘探队		321.32	237.20	481	307	wh3_main_combi_region_eye_of_the_panther	wh3_main_combi_province_atalan_mountains	wh2_main_dwf_greybeards_prospectors	Eye of the Panther	cai_region_hint_area_southlands	官方
207	南地	超凡帝国	阿拉比大沙漠	阿拉比大沙漠	饿死鬼	是	325.33	206.34	487	267	wh3_main_combi_region_great_desert_of_araby	wh3_main_combi_province_great_desert_of_araby	wh3_main_ogre_the_famished	Great Desert of Araby	cai_region_hint_area_southlands	官方
208	南地	超凡帝国	阿拉比海岸	亥卡	史崔格帝国	是	341.37	256.48	511	332	wh3_main_combi_region_al_haikk	wh3_main_combi_province_coast_of_araby	wh2_main_vmp_strygos_empire	Al Haikk	cai_region_hint_area_southlands	官方
209	南地	超凡帝国	阿拉比海岸	寇法	里昂尼斯骑士战团		315.98	263.43	473	341	wh3_main_combi_region_copher	wh3_main_combi_province_coast_of_araby	wh2_dlc14_brt_chevaliers_de_lyonesse	Copher	cai_region_hint_area_southlands	官方
210	南地	超凡帝国	阿拉比海岸	费拉斯	史崔格帝国		330.68	270.37	495	350	wh3_main_combi_region_fyrus	wh3_main_combi_province_coast_of_araby	wh2_main_vmp_strygos_empire	Fyrus	cai_region_hint_area_southlands	官方
211	南地	超凡帝国	黄金隘口	提亚忒夸	莫尔德金氏族	是	494.34	144.25	740	187	wh3_main_combi_region_teotiqua	wh3_main_combi_province_the_golden_pass	wh2_main_skv_clan_mordkin	Teotiqua	cai_region_hint_area_southlands	官方
212	南地	超凡帝国	黄金隘口	黄金塔	最后守卫者		454.26	152.73	680	198	wh3_main_combi_region_the_golden_tower	wh3_main_combi_province_the_golden_pass	wh2_main_lzd_last_defenders	The Golden Tower	cai_region_hint_area_southlands	官方
213	南地	超凡帝国	黎明滩	塔尔·苏佩德尔	萨索瑞尔守望者		408.84	59.40	612	77	wh3_main_combi_region_tor_surpindar	wh3_main_combi_province_dawns_landing	wh3_main_tze_sarthoraels_watchers	Tor Surpindar	cai_region_hint_area_southlands	官方
214	南地	超凡帝国	黎明滩	黎明之光	萨索瑞尔守望者		390.13	43.97	584	57	wh3_main_combi_region_dawns_light	wh3_main_combi_province_dawns_landing	wh3_main_tze_sarthoraels_watchers	Dawn's Light	cai_region_hint_area_southlands	官方
215	南地	超凡帝国	黎明滩	黎明要塞	魔剑士议会	是	364.08	52.84	545	68	wh3_main_combi_region_fortress_of_dawn	wh3_main_combi_province_dawns_landing	wh2_main_hef_order_of_loremasters	Fortress of Dawn	cai_region_hint_area_southlands	官方
216	南方荒原	超凡帝国	冰火平原	无尽裂隙	黄铜王座		187.72	14.27	281	18	wh3_main_combi_region_the_never_ending_chasm	wh3_main_combi_province_the_ice_fire_plains	wh3_main_kho_brazen_throne	The Never-ending Chasm	cai_region_hint_area_southern_wastes	官方
217	南方荒原	超凡帝国	冰火平原	神弃火山	帕花科斯幽灵	是	156.99	17.36	235	22	wh3_main_combi_region_the_godless_crater	wh3_main_combi_province_the_ice_fire_plains	wh2_dlc17_lzd_oxyotl	The Godless Crater	cai_region_hint_area_southern_wastes	官方
218	南方荒原	超凡帝国	冰火平原	阿沙尔山	黄铜王座		199.74	28.16	299	36	wh3_main_combi_region_mount_athull	wh3_main_combi_province_the_ice_fire_plains	wh3_main_kho_brazen_throne	Mount Athull	cai_region_hint_area_southern_wastes	官方
219	南方荒原	超凡帝国	南部荒原	恶魔之门	幻焰书吏	是	309.30	44.35	463	57	wh3_main_combi_region_daemons_gate	wh3_main_combi_province_the_southern_wastes	wh3_main_tze_flaming_scribes	Daemon's Gate	cai_region_hint_area_southern_wastes	官方
220	南方荒原	超凡帝国	南部荒原	格罗崔莱的闪耀灯塔	幻焰书吏		275.23	39.34	412	51	wh3_main_combi_region_grotrilexs_glare_lighthouse	wh3_main_combi_province_the_southern_wastes	wh3_main_tze_flaming_scribes	Grotrilex's Glare Lighthouse	cai_region_hint_area_southern_wastes	官方
221	南方荒原	超凡帝国	南部荒原	辛豪尔纪念柱	幻焰书吏		246.50	28.93	369	37	wh3_main_combi_region_the_sinhall_monolith	wh3_main_combi_province_the_southern_wastes	wh3_main_tze_flaming_scribes	The Sinhall Monolith	cai_region_hint_area_southern_wastes	官方
222	南方荒原	超凡帝国	恶魔岭	奥卡姆无尽迷宫	极乐之愉	是	473.64	21.98	709	28	wh3_main_combi_region_okkams_forever_maze	wh3_main_combi_province_the_daemonium_hills	wh3_main_sla_rapturous_excess	Okkam's Forever Maze	cai_region_hint_area_southern_wastes	官方
223	南方荒原	超凡帝国	恶魔岭	显象祭坛	极乐之愉		551.80	23.14	826	30	wh3_main_combi_region_altar_of_facades	wh3_main_combi_province_the_daemonium_hills	wh3_main_sla_rapturous_excess	Altar of Facades	cai_region_hint_area_southern_wastes	官方
224	南方荒原	超凡帝国	恶魔岭	欢愉熔炉	极乐之愉		515.72	12.34	772	16	wh3_main_combi_region_crucible_of_delights	wh3_main_combi_province_the_daemonium_hills	wh3_main_sla_rapturous_excess	Crucible of Delights	cai_region_hint_area_southern_wastes	官方
225	南方荒原	超凡帝国	恶魔岭	辉煌城堡	极乐之愉		503.70	37.03	754	48	wh3_main_combi_region_castle_of_splendour	wh3_main_combi_province_the_daemonium_hills	wh3_main_sla_rapturous_excess	Castle of Splendour	cai_region_hint_area_southern_wastes	官方
226	南方荒原	超凡帝国	无底冰川	失落宫	肿腺疫群		380.78	14.66	570	19	wh3_main_combi_region_the_lost_palace	wh3_main_combi_province_the_abyssal_glacier	wh3_main_nur_bubonic_swarm	The Lost Palace	cai_region_hint_area_southern_wastes	官方
227	南方荒原	超凡帝国	无底冰川	沃卢特拉	肿腺疫群		420.86	18.51	630	24	wh3_main_combi_region_volulltrax	wh3_main_combi_province_the_abyssal_glacier	wh3_main_nur_bubonic_swarm	Volulltrax	cai_region_hint_area_southern_wastes	官方
228	南方荒原	超凡帝国	无底冰川	织命者裂隙	奸奇传谕使	是	340.70	20.83	510	27	wh3_main_combi_region_fateweavers_crevasse	wh3_main_combi_province_the_abyssal_glacier	wh3_main_tze_oracles_of_tzeentch	Fateweaver's Crevasse	cai_region_hint_area_southern_wastes	官方
229	南方荒原	超凡帝国	无底冰川	雕颅人之家	肿腺疫群		443.57	9.26	664	12	wh3_main_combi_region_the_skull_carvers_abode	wh3_main_combi_province_the_abyssal_glacier	wh3_main_nur_bubonic_swarm	The Skull-Carver's Abode	cai_region_hint_area_southern_wastes	官方
230	帝国（旧世界）	超凡帝国	中部山脉	黄铜要塞	猖殖聚群	是	395.48	568.51	592	737	wh3_main_combi_region_brass_keep	wh3_dlc20_combi_province_middle_mountains	wh3_dlc20_chs_festus	Brass Keep	cai_region_hint_area_empire	官方
231	帝国（旧世界）	超凡帝国	冬齿隘口	索尔要塞	暗毒	是	388.80	418.09	582	542	wh3_main_combi_region_fort_soll	wh3_main_combi_province_winters_teeth_pass	wh_main_grn_black_venom	Fort Soll	cai_region_hint_area_empire	官方
232	帝国（旧世界）	超凡帝国	劳伦洛伦森林	劳伦洛伦森林	劳伦洛伦	是	352.05	563.49	527	730	wh3_main_combi_region_laurelorn_forest	wh3_main_combi_province_the_witchs_wood	wh3_main_wef_laurelorn	Laurelorn Forest	cai_region_hint_area_empire	官方
233	帝国（旧世界）	超凡帝国	北希尔瓦尼亚	塔兰霍夫城堡	塔兰霍夫	是	458.27	484.43	686	628	wh3_main_combi_region_castle_templehof	wh3_main_combi_province_northern_sylvania	wh_main_vmp_rival_sylvanian_vamps	Castle Templehof	cai_region_hint_area_empire	官方
234	帝国（旧世界）	超凡帝国	北希尔瓦尼亚	奥博斯特恩要塞	塔兰霍夫		446.25	479.03	668	621	wh3_main_combi_region_fort_oberstyre	wh3_main_combi_province_northern_sylvania	wh_main_vmp_rival_sylvanian_vamps	Fort Oberstyre	cai_region_hint_area_empire	官方
235	帝国（旧世界）	超凡帝国	北希尔瓦尼亚	瓦尔登霍夫	塔兰霍夫		480.98	499.85	720	648	wh3_main_combi_region_waldenhof	wh3_main_combi_province_northern_sylvania	wh_main_vmp_rival_sylvanian_vamps	Waldenhof	cai_region_hint_area_empire	官方
236	帝国（旧世界）	超凡帝国	南希尔瓦尼亚	埃申	塔兰霍夫		476.98	489.83	714	635	wh3_main_combi_region_eschen	wh3_main_combi_province_southern_sylvania	wh_main_vmp_rival_sylvanian_vamps	Eschen	cai_region_hint_area_empire	官方
237	帝国（旧世界）	超凡帝国	南希尔瓦尼亚	施瓦茨港	希尔瓦尼亚		450.25	457.43	674	593	wh3_main_combi_region_swartzhafen	wh3_main_combi_province_southern_sylvania	wh_main_vmp_schwartzhafen	Swartzhafen	cai_region_hint_area_empire	官方
238	帝国（旧世界）	超凡帝国	南希尔瓦尼亚	邓肯霍夫城堡	希尔瓦尼亚	是	478.31	472.08	716	612	wh3_main_combi_region_castle_drakenhof	wh3_main_combi_province_southern_sylvania	wh_main_vmp_schwartzhafen	Castle Drakenhof	cai_region_hint_area_empire	官方
239	帝国（旧世界）	超凡帝国	吉索莱奥隘口	博戈波要塞	玛丽恩堡	是	299.95	490.98	449	636	wh3_main_combi_region_fort_bergbres	wh3_main_combi_province_gisoreux_gap	wh_main_emp_marienburg	Fort Bergbres	cai_region_hint_area_empire	官方
240	帝国（旧世界）	超凡帝国	塔拉贝克领	努根海姆	塔拉贝克领		423.53	504.48	634	654	wh3_main_combi_region_krugenheim	wh3_main_combi_province_talabecland	wh_main_emp_talabecland	Krugenheim	cai_region_hint_area_empire	官方
241	帝国（旧世界）	超凡帝国	塔拉贝克领	卡佩堡	塔拉贝克领		436.23	546.52	653	708	wh3_main_combi_region_kappelburg	wh3_main_combi_province_talabecland	wh_main_emp_talabecland	Kappelburg	cai_region_hint_area_empire	官方
242	帝国（旧世界）	超凡帝国	塔拉贝克领	塔拉贝海姆	塔拉贝克领	是	403.49	532.25	604	690	wh3_main_combi_region_talabheim	wh3_main_combi_province_talabecland	wh_main_emp_talabecland	Talabheim	cai_region_hint_area_empire	官方
243	帝国（旧世界）	超凡帝国	塔拉贝克领	科佩巴德	塔拉贝克领		377.44	491.75	565	637	wh3_main_combi_region_kemperbad	wh3_main_combi_province_talabecland	wh_main_emp_talabecland	Kemperbad	cai_region_hint_area_empire	官方
244	帝国（旧世界）	超凡帝国	奥斯特领	冯·劳肯城堡	奥斯特领		431.55	580.08	646	752	wh3_main_combi_region_castle_von_rauken	wh3_main_combi_province_ostland	wh_main_emp_ostland	Castle von Rauken	cai_region_hint_area_empire	官方
245	帝国（旧世界）	超凡帝国	奥斯特领	沃尔芬堡	奥斯特领	是	416.85	560.79	624	727	wh3_main_combi_region_wolfenburg	wh3_main_combi_province_ostland	wh_main_emp_ostland	Wolfenburg	cai_region_hint_area_empire	官方
246	帝国（旧世界）	超凡帝国	奥斯特领	诺登	诺德领		396.81	593.96	594	770	wh3_main_combi_region_norden	wh3_main_combi_province_ostland	wh_main_emp_nordland	Norden	cai_region_hint_area_empire	官方
247	帝国（旧世界）	超凡帝国	奥斯特马克	埃森	奥斯特马克		462.95	511.04	693	662	wh3_main_combi_region_essen	wh3_main_combi_province_ostermark	wh_main_emp_ostermark	Essen	cai_region_hint_area_empire	官方
248	帝国（旧世界）	超凡帝国	奥斯特马克	纳根霍夫	奥斯特马克		478.98	526.47	717	682	wh3_main_combi_region_nagenhof	wh3_main_combi_province_ostermark	wh_main_emp_ostermark	Nagenhof	cai_region_hint_area_empire	官方
249	帝国（旧世界）	超凡帝国	奥斯特马克	莫德海姆	怪爬氏族		450.92	510.27	675	661	wh3_main_combi_region_mordheim	wh3_main_combi_province_ostermark	wh2_dlc15_skv_clan_kreepus	Mordheim	cai_region_hint_area_empire	官方
250	帝国（旧世界）	超凡帝国	奥斯特马克	贝克港	奥斯特马克	是	452.26	552.69	677	716	wh3_main_combi_region_bechafen	wh3_main_combi_province_ostermark	wh_main_emp_ostermark	Bechafen	cai_region_hint_area_empire	官方
251	帝国（旧世界）	超凡帝国	威森领	努恩	威森领与努恩	是	369.42	468.61	553	607	wh3_main_combi_region_nuln	wh3_main_combi_province_wissenland	wh_main_emp_wissenland	Nuln	cai_region_hint_area_empire	官方
252	帝国（旧世界）	超凡帝国	威森领	威森堡	午夜宫廷		385.46	452.41	577	586	wh3_main_combi_region_wissenburg	wh3_main_combi_province_wissenland	wh3_dlc25_vmp_the_court_of_night	Wissenburg	cai_region_hint_area_empire	官方
253	帝国（旧世界）	超凡帝国	威森领	道腾巴赫	午夜宫廷		364.75	449.71	546	583	wh3_main_combi_region_dotternbach	wh3_main_combi_province_wissenland	wh3_dlc25_vmp_the_court_of_night	Dotternbach	cai_region_hint_area_empire	官方
254	帝国（旧世界）	超凡帝国	斧痕隘口	赫姆加特	瑞克领	是	325.33	465.53	487	603	wh3_main_combi_region_helmgart	wh3_main_combi_province_axe_bite_pass	wh_main_emp_empire	Helmgart	cai_region_hint_area_empire	官方
255	帝国（旧世界）	超凡帝国	斯提尔领	乌特巴德	斯提尔领	是	405.50	489.44	607	634	wh3_main_combi_region_wurtbad	wh3_main_combi_province_stirland	wh_main_emp_stirland	Wurtbad	cai_region_hint_area_empire	官方
256	帝国（旧世界）	超凡帝国	斯提尔领	尼德灵	斯提尔领		436.23	494.07	653	640	wh3_main_combi_region_niedling	wh3_main_combi_province_stirland	wh_main_emp_stirland	Niedling	cai_region_hint_area_empire	官方
257	帝国（旧世界）	超凡帝国	斯提尔领	弗伦斯堡	斯提尔领		392.14	477.10	587	618	wh3_main_combi_region_flensburg	wh3_main_combi_province_stirland	wh_main_emp_stirland	Flensburg	cai_region_hint_area_empire	官方
258	帝国（旧世界）	超凡帝国	狮鹫林	狮鹫林	灾厄战林	是	446.91	526.47	669	682	wh3_main_combi_region_gryphon_wood	wh3_main_combi_province_gryphon_wood	wh2_dlc16_wef_drycha	Gryphon Wood	cai_region_hint_area_empire	官方
259	帝国（旧世界）	超凡帝国	瑞克领	乌博瑞克	帝国分离势力		337.36	474.01	505	614	wh3_main_combi_region_ubersreik	wh3_main_combi_province_reikland	wh_main_emp_empire_separatists	Ubersreik	cai_region_hint_area_empire	官方
260	帝国（旧世界）	超凡帝国	瑞克领	格伦堡	帝国分离势力		366.08	480.57	548	623	wh3_main_combi_region_grunburg	wh3_main_combi_province_reikland	wh_main_emp_empire_separatists	Grunburg	cai_region_hint_area_empire	官方
261	帝国（旧世界）	超凡帝国	瑞克领	艾尔哈特	帝国分离势力		321.99	492.91	482	639	wh3_main_combi_region_eilhart	wh3_main_combi_province_reikland	wh_main_emp_empire_separatists	Eilhart	cai_region_hint_area_empire	官方
262	帝国（旧世界）	超凡帝国	瑞克领	阿尔道夫	瑞克领	是	352.05	500.24	527	648	wh3_main_combi_region_altdorf	wh3_main_combi_province_reikland	wh_main_emp_empire	Altdorf	cai_region_hint_area_empire	官方
263	帝国（旧世界）	超凡帝国	穆特领	穆特	斯提尔领	是	432.89	463.60	648	601	wh3_main_combi_region_the_moot	wh3_main_combi_province_mootland	wh_main_emp_stirland	The Moot	cai_region_hint_area_empire	官方
264	帝国（旧世界）	超凡帝国	米登领	卡隆堡	米登领		340.03	506.41	509	656	wh3_main_combi_region_carroburg	wh3_main_combi_province_middenland	wh_main_emp_middenland	Carroburg	cai_region_hint_area_empire	官方
265	帝国（旧世界）	超凡帝国	米登领	米登斯坦格	米登领		379.44	532.25	568	690	wh3_main_combi_region_middenstag	wh3_main_combi_province_middenland	wh_main_emp_middenland	Middenstag	cai_region_hint_area_empire	官方
266	帝国（旧世界）	超凡帝国	米登领	米登海姆	米登领	是	370.09	544.59	554	706	wh3_main_combi_region_middenheim	wh3_main_combi_province_middenland	wh_main_emp_middenland	Middenheim	cai_region_hint_area_empire	官方
267	帝国（旧世界）	超凡帝国	米登领	维斯蒙德	米登领		353.39	525.69	529	681	wh3_main_combi_region_weismund	wh3_main_combi_province_middenland	wh_main_emp_middenland	Weismund	cai_region_hint_area_empire	官方
268	帝国（旧世界）	超凡帝国	索尔领	斯坦加特	暗毒		414.18	435.83	620	565	wh3_main_combi_region_steingart	wh3_main_combi_province_solland	wh_main_grn_black_venom	Steingart	cai_region_hint_area_empire	官方
269	帝国（旧世界）	超凡帝国	索尔领	法伊道夫	午夜宫廷	是	392.80	440.46	588	571	wh3_main_combi_region_pfeildorf	wh3_main_combi_province_solland	wh3_dlc25_vmp_the_court_of_night	Pfeildorf	cai_region_hint_area_empire	官方
270	帝国（旧世界）	超凡帝国	艾维领	艾维海姆	艾维领	是	410.84	462.44	615	599	wh3_main_combi_region_averheim	wh3_main_combi_province_averland	wh_main_emp_averland	Averheim	cai_region_hint_area_empire	官方
271	帝国（旧世界）	超凡帝国	艾维领	边陲城	艾维领		432.89	442.00	648	573	wh3_main_combi_region_grenzstadt	wh3_main_combi_province_averland	wh_main_emp_averland	Grenzstadt	cai_region_hint_area_empire	官方
272	帝国（旧世界）	超凡帝国	诺德领	塞森蒙德	诺德领	是	372.09	584.32	557	757	wh3_main_combi_region_salzenmund	wh3_main_combi_province_nordland	wh_main_emp_nordland	Salzenmund	cai_region_hint_area_empire	官方
273	帝国（旧世界）	超凡帝国	诺德领	迪特斯港	诺德领		351.39	587.79	526	762	wh3_main_combi_region_dietershafen	wh3_main_combi_province_nordland	wh_main_emp_nordland	Dietershafen	cai_region_hint_area_empire	官方
274	帝国（旧世界）	超凡帝国	迷雾丘陵	破坏者据点	黑暗深渊部落		316.65	576.99	474	748	wh3_main_combi_region_wreckers_point	wh3_main_combi_province_the_misty_hills	wh_dlc03_grn_black_pit	Wrecker's Point	cai_region_hint_area_empire	官方
275	帝国（旧世界）	超凡帝国	迷雾丘陵	黑暗深渊	黑暗深渊部落	是	340.70	543.82	510	705	wh3_main_combi_region_the_black_pit	wh3_main_combi_province_the_misty_hills	wh_dlc03_grn_black_pit	The Black Pit	cai_region_hint_area_empire	官方
276	帝国（旧世界）	超凡帝国	霍克领	克鲁登瓦尔德	霍克领		383.45	552.31	574	716	wh3_dlc20_combi_region_krudenwald	wh3_main_combi_province_hochland	wh_main_emp_hochland	Krudenwald	cai_region_hint_area_empire	官方
277	帝国（旧世界）	超凡帝国	霍克领	赫吉格	霍克领	是	401.49	541.89	601	702	wh3_main_combi_region_hergig	wh3_main_combi_province_hochland	wh_main_emp_hochland	Hergig	cai_region_hint_area_empire	官方
278	帝国（旧世界）	超凡帝国	韦斯特领	玛丽恩堡	玛丽恩堡	是	301.95	506.80	452	657	wh3_main_combi_region_marienburg	wh3_main_combi_province_the_wasteland	wh_main_emp_marienburg	Marienburg	cai_region_hint_area_empire	官方
279	帝国（旧世界）	超凡帝国	韦斯特领	阿尔诺	玛丽恩堡		306.63	558.86	459	724	wh3_main_combi_region_aarnau	wh3_main_combi_province_the_wasteland	wh_main_emp_marienburg	Aarnau	cai_region_hint_area_empire	官方
280	帝国（旧世界）	超凡帝国	韦斯特领	霍瑟尔	玛丽恩堡		307.30	525.31	460	681	wh3_main_combi_region_gorssel	wh3_main_combi_province_the_wasteland	wh_main_emp_marienburg	Gorssel	cai_region_hint_area_empire	官方
281	巴托尼亚	超凡帝国	亚登森林	吉索莱奥	阿图瓦		292.60	483.65	438	627	wh3_main_combi_region_gisoreux	wh3_main_combi_province_forest_of_arden	wh_main_brt_artois	Gisoreux	cai_region_hint_area_bretonnia	官方
282	巴托尼亚	超凡帝国	亚登森林	阿图瓦城堡	阿图瓦	是	273.89	492.91	410	639	wh3_main_combi_region_castle_artois	wh3_main_combi_province_forest_of_arden	wh_main_brt_artois	Castle Artois	cai_region_hint_area_bretonnia	官方
283	巴托尼亚	超凡帝国	北部灰色山脉	卡拉克·微风堡	卡拉克·微风堡		317.98	469.00	476	608	wh3_main_combi_region_karak_ziflin	wh3_main_combi_province_northern_grey_mountains	wh_main_dwf_karak_ziflin	Karak Ziflin	cai_region_hint_area_bretonnia	官方
284	巴托尼亚	超凡帝国	北部灰色山脉	金特矿山	碎颅者		289.93	501.40	434	650	wh3_main_combi_region_grung_zint	wh3_main_combi_province_northern_grey_mountains	wh_main_grn_skullsmasherz	Grung Zint	cai_region_hint_area_bretonnia	官方
285	巴托尼亚	超凡帝国	北部灰色山脉	黑石据点	古坟军团	是	305.29	480.95	457	623	wh3_main_combi_region_blackstone_post	wh3_main_combi_province_northern_grey_mountains	wh2_dlc11_vmp_the_barrow_legion	Blackstone Post	cai_region_hint_area_bretonnia	官方
286	巴托尼亚	超凡帝国	卡尔卡松	卡尔卡松城堡	卡尔卡松	是	310.64	388.39	465	503	wh3_main_combi_region_castle_carcassonne	wh3_main_combi_province_carcassonne	wh_main_brt_carcassonne	Castle Carcassonne	cai_region_hint_area_bretonnia	官方
287	巴托尼亚	超凡帝国	卡尔卡松	布理奥涅	红云		280.57	406.52	420	527	wh3_main_combi_region_brionne	wh3_main_combi_province_carcassonne	wh2_dlc14_grn_red_cloud	Brionne	cai_region_hint_area_bretonnia	官方
288	巴托尼亚	超凡帝国	哥隆尼边地	勒·安古朗	穆席隆		256.52	509.88	384	661	wh3_main_combi_region_languille	wh3_main_combi_province_marches_of_couronne	wh_main_vmp_mousillon	L'Anguille	cai_region_hint_area_bretonnia	官方
289	巴托尼亚	超凡帝国	哥隆尼边地	哥隆尼	哥隆尼	是	273.89	520.68	410	675	wh3_main_combi_region_couronne	wh3_main_combi_province_marches_of_couronne	wh_main_brt_bretonnia	Couronne	cai_region_hint_area_bretonnia	官方
290	巴托尼亚	超凡帝国	夏珑森林	奎那利斯	帕拉翁		321.32	416.93	481	540	wh3_main_combi_region_quenelles	wh3_main_combi_province_forest_of_chalons	wh_main_brt_parravon	Quenelles	cai_region_hint_area_bretonnia	官方
291	巴托尼亚	超凡帝国	夏珑森林	帕拉翁	帕拉翁	是	322.66	443.93	483	575	wh3_main_combi_region_parravon	wh3_main_combi_province_forest_of_chalons	wh_main_brt_parravon	Parravon	cai_region_hint_area_bretonnia	官方
292	巴托尼亚	超凡帝国	巴斯托涅	巴斯托涅城堡	巴斯托涅	是	285.92	464.37	428	602	wh3_main_combi_region_castle_bastonne	wh3_main_combi_province_bastonne	wh_main_brt_bastonne	Castle Bastonne	cai_region_hint_area_bretonnia	官方
293	巴托尼亚	超凡帝国	巴斯托涅	蒙特福特	巴斯托涅		316.65	457.43	474	593	wh3_main_combi_region_montfort	wh3_main_combi_province_bastonne	wh_main_brt_bastonne	Montfort	cai_region_hint_area_bretonnia	官方
294	巴托尼亚	超凡帝国	布理恩涅河	波尔德罗	阿奎坦	是	262.54	447.79	393	580	wh3_main_combi_region_bordeleaux	wh3_main_combi_province_river_brienne	wh3_main_brt_aquitaine	Bordeleaux	cai_region_hint_area_bretonnia	官方
295	巴托尼亚	超凡帝国	布理恩涅河	阿奎坦	阿奎坦		281.24	439.30	421	569	wh3_main_combi_region_aquitaine	wh3_main_combi_province_river_brienne	wh3_main_brt_aquitaine	Aquitaine	cai_region_hint_area_bretonnia	官方
296	巴托尼亚	超凡帝国	柯维罗荒冢	奥卡山	碎斧	是	305.96	437.37	458	567	wh3_main_combi_region_massif_orcal	wh3_main_combi_province_barrows_of_cuileux	wh2_dlc15_grn_broken_axe	Massif Orcal	cai_region_hint_area_bretonnia	官方
297	巴托尼亚	超凡帝国	里昂尼斯海岸	穆席隆	穆席隆		255.19	466.68	382	605	wh3_main_combi_region_mousillon	wh3_main_combi_province_coast_of_lyonesse	wh_main_vmp_mousillon	Mousillon	cai_region_hint_area_bretonnia	官方
298	巴托尼亚	超凡帝国	里昂尼斯海岸	里昂尼斯	里昂尼斯	是	241.83	486.74	362	631	wh3_main_combi_region_lyonesse	wh3_main_combi_province_coast_of_lyonesse	wh_main_brt_lyonesse	Lyonesse	cai_region_hint_area_bretonnia	官方
299	诺斯卡	超凡帝国	冰牙山脉	冰湖湾	斯凯林		301.95	585.48	452	759	wh3_main_combi_region_pack_ice_bay	wh3_main_combi_province_ice_tooth_mountains	wh_main_nor_skaeling	Pack Ice Bay	cai_region_hint_area_norsca	官方
300	诺斯卡	超凡帝国	冰牙山脉	腥红收割祭坛	斯凯林	是	336.02	604.38	503	783	wh3_main_combi_region_altar_of_the_crimson_harvest	wh3_main_combi_province_ice_tooth_mountains	wh_main_nor_skaeling	Altar of the Crimson Harvest	cai_region_hint_area_norsca	官方
301	诺斯卡	超凡帝国	冰牙山脉	长船墓场	斯凯林		362.74	609.00	543	789	wh3_main_combi_region_longship_graveyard	wh3_main_combi_province_ice_tooth_mountains	wh_main_nor_skaeling	Longship Graveyard	cai_region_hint_area_norsca	官方
302	诺斯卡	超凡帝国	地狱山脉	冬炬山	艾斯林		452.93	668.01	678	866	wh3_main_combi_region_winter_pyre	wh3_main_combi_province_mountains_of_hel	wh_main_nor_aesling	Winter Pyre	cai_region_hint_area_norsca	官方
303	诺斯卡	超凡帝国	地狱山脉	禁忌城堡	艾斯林	是	413.51	655.29	619	849	wh3_main_combi_region_the_forbidden_citadel	wh3_main_combi_province_mountains_of_hel	wh_main_nor_aesling	The Forbidden Citadel	cai_region_hint_area_norsca	官方
304	诺斯卡	超凡帝国	地狱山脉	血肉之碑	冬牙		400.82	689.61	600	894	wh3_main_combi_region_monolith_of_flesh	wh3_main_combi_province_mountains_of_hel	wh_dlc08_nor_wintertooth	The Monolith of Flesh	cai_region_hint_area_norsca	官方
305	诺斯卡	超凡帝国	地狱山脉	邪卵祭坛	艾斯林		434.22	671.87	650	871	wh3_main_combi_region_altar_of_spawns	wh3_main_combi_province_mountains_of_hel	wh_main_nor_aesling	Altar of Spawns	cai_region_hint_area_norsca	官方
306	诺斯卡	超凡帝国	地狱顶峰山脉	卡坦巨岩	瓦格	是	301.28	666.86	451	864	wh3_main_combi_region_the_monolith_of_katam	wh3_main_combi_province_helspire_mountains	wh_main_nor_varg	The Monolith of Katam	cai_region_hint_area_norsca	官方
307	诺斯卡	超凡帝国	地狱顶峰山脉	瓦格营地	瓦格		343.37	674.18	514	874	wh3_main_combi_region_varg_camp	wh3_main_combi_province_helspire_mountains	wh_main_nor_varg	Varg Camp	cai_region_hint_area_norsca	官方
308	诺斯卡	超凡帝国	地狱顶峰山脉	蛇堤	瓦格		277.90	654.13	416	848	wh3_main_combi_region_serpent_jetty	wh3_main_combi_province_helspire_mountains	wh_main_nor_varg	Serpent Jetty	cai_region_hint_area_norsca	官方
309	诺斯卡	超凡帝国	奥比恩	孔夸塔	盲眼者	是	230.47	575.06	345	745	wh3_main_combi_region_konquata	wh3_main_combi_province_albion	wh3_dlc20_tze_the_sightless	Konquata	cai_region_hint_area_norsca	官方
310	诺斯卡	超凡帝国	奥比恩	尸妖岛	瓦纳海姆林		234.48	558.09	351	723	wh3_main_combi_region_isle_of_wights	wh3_main_combi_province_albion	wh_dlc08_nor_vanaheimlings	Isle of Wights	cai_region_hint_area_norsca	官方
311	诺斯卡	超凡帝国	奥比恩	铅堡	盲眼者		237.15	588.95	355	763	wh3_main_combi_region_citadel_of_lead	wh3_main_combi_province_albion	wh3_dlc20_tze_the_sightless	Citadel of Lead	cai_region_hint_area_norsca	官方
312	诺斯卡	超凡帝国	巨人之乡山脉	巨魔国王巢穴	疫蛆兄弟		458.94	635.23	687	823	wh3_main_combi_region_khazid_bordkarag	wh3_main_combi_province_gianthome_mountains	wh3_main_nur_maggoth_kin	Lair of the Troll King	cai_region_hint_area_norsca	官方
313	诺斯卡	超凡帝国	巨人之乡山脉	斯乔特拉肯	疫蛆兄弟		484.99	638.70	726	828	wh3_main_combi_region_sjoktraken	wh3_main_combi_province_gianthome_mountains	wh3_main_nur_maggoth_kin	Sjoktraken	cai_region_hint_area_norsca	官方
314	诺斯卡	超凡帝国	巨人之乡山脉	独龙城	创新大师	是	473.64	649.11	709	841	wh3_main_combi_region_kraka_drak	wh3_main_combi_province_gianthome_mountains	wh3_dlc25_dwf_malakai	Kraka Drak	cai_region_hint_area_norsca	官方
315	诺斯卡	超凡帝国	巨魔山脉	克拉克之塔	战熊兄弟会	是	422.20	633.30	632	821	wh3_main_combi_region_the_tower_of_khrakk	wh3_main_combi_province_trollheim_mountains	wh3_main_ksl_brotherhood_of_the_bear	The Tower of Khrakk	cai_region_hint_area_norsca	官方
316	诺斯卡	超凡帝国	巨魔山脉	利刃湾	战熊兄弟会		388.80	627.90	582	814	wh3_main_combi_region_bay_of_blades	wh3_main_combi_province_trollheim_mountains	wh3_main_ksl_brotherhood_of_the_bear	Bay of Blades	cai_region_hint_area_norsca	官方
317	诺斯卡	超凡帝国	巨魔山脉	萨利宿营地	萨利		391.47	652.59	586	846	wh3_main_combi_region_sarl_encampment	wh3_main_combi_province_trollheim_mountains	wh_main_nor_sarl	Sarl Encampment	cai_region_hint_area_norsca	官方
318	诺斯卡	超凡帝国	戈罗迈德尼山脉	卡拉克·独孤城	戈罗迈德尼部落	是	545.78	583.55	817	756	wh3_main_combi_region_karak_vlag	wh3_main_combi_province_goromadny_mountains	wh_dlc08_nor_goromadny_tribe	Karak Vlag	cai_region_hint_area_norsca	官方
319	诺斯卡	超凡帝国	戈罗迈德尼山脉	寒临滩			508.37	632.92	761	820	wh3_main_combi_region_frozen_landing	wh3_main_combi_province_goromadny_mountains		Frozen Landing	cai_region_hint_area_norsca	官方
320	诺斯卡	超凡帝国	戈罗迈德尼山脉	海姆克尔神庙	戈罗迈德尼部落		526.41	610.16	788	791	wh3_main_combi_region_temple_of_heimkel	wh3_main_combi_province_goromadny_mountains	wh_dlc08_nor_goromadny_tribe	Temple of Heimkel	cai_region_hint_area_norsca	官方
321	诺斯卡	超凡帝国	戈罗迈德尼山脉	达尔斯拉夫要塞	戈罗迈德尼部落		573.84	571.21	859	740	wh3_dlc23_combi_region_uzkulak_port	wh3_main_combi_province_goromadny_mountains	wh_dlc08_nor_goromadny_tribe	Fort Dwarrslav	cai_region_hint_area_norsca	官方
322	诺斯卡	超凡帝国	瓦纳海姆山脉	『血手』博基尔纪念柱	比约林	是	300.62	617.87	450	801	wh3_main_combi_region_monolith_of_borkill_the_bloody_handed	wh3_main_combi_province_vanaheim_mountains	wh_main_nor_bjornling	Monolith of Borkill the Bloody-Handed	cai_region_hint_area_norsca	官方
323	诺斯卡	超凡帝国	瓦纳海姆山脉	巨魔峡湾	世界行者		257.86	613.25	386	795	wh3_main_combi_region_troll_fjord	wh3_main_combi_province_vanaheim_mountains	wh_dlc08_nor_norsca	Troll Fjord	cai_region_hint_area_norsca	官方
324	诺斯卡	超凡帝国	纳戈法里山脉	末日堡	纳戈法林	是	343.37	644.87	514	836	wh3_main_combi_region_doomkeep	wh3_main_combi_province_mountains_of_naglfari	wh_dlc08_nor_naglfarlings	Doomkeep	cai_region_hint_area_norsca	官方
325	诺斯卡	超凡帝国	纳戈法里山脉	盖尔林集会场	纳戈法林		319.99	639.86	479	829	wh3_main_combi_region_graeling_moot	wh3_main_combi_province_mountains_of_naglfari	wh_dlc08_nor_naglfarlings	Graeling Moot	cai_region_hint_area_norsca	官方
326	诺斯卡	超凡帝国	纳戈法里山脉	纳戈法里平原	纳戈法林		368.75	646.42	552	838	wh3_main_combi_region_naglfari_plain	wh3_main_combi_province_mountains_of_naglfari	wh_dlc08_nor_naglfarlings	Naglfari Plain	cai_region_hint_area_norsca	官方
327	基斯里夫	超凡帝国	东方州	普列斯克	罗普思曼氏族		511.05	582.01	765	754	wh3_main_combi_region_plesk	wh3_main_combi_province_eastern_oblast	wh3_main_ksl_ropsmenn_clan	Plesk	cai_region_hint_area_kislev	官方
328	基斯里夫	超凡帝国	东方州	沃斯格勒	罗普思曼氏族	是	500.36	600.52	749	778	wh3_main_combi_region_volksgrad	wh3_main_combi_province_eastern_oblast	wh3_main_ksl_ropsmenn_clan	Volksgrad	cai_region_hint_area_kislev	官方
329	基斯里夫	超凡帝国	东方州	耶奇奇			495.68	615.56	742	798	wh3_main_combi_region_yetchitch	wh3_main_combi_province_eastern_oblast		Yetchitch	cai_region_hint_area_kislev	官方
330	基斯里夫	超凡帝国	东方州	诺杵兹	罗普思曼氏族		522.40	592.42	782	768	wh3_main_combi_region_novchozy	wh3_main_combi_province_eastern_oblast	wh3_main_ksl_ropsmenn_clan	Novchozy	cai_region_hint_area_kislev	官方
331	基斯里夫	超凡帝国	乌斯科河	基斯里夫	冰雪王廷	是	480.32	568.12	719	736	wh3_main_combi_region_kislev	wh3_main_combi_province_river_urskoy	wh3_main_ksl_the_ice_court	Kislev	cai_region_hint_area_kislev	官方
332	基斯里夫	超凡帝国	南方州	嘉科瓦要塞	贝尔索林	是	494.34	541.51	740	702	wh3_main_combi_region_fort_jakova	wh3_main_combi_province_southern_oblast	wh_main_nor_baersonling	Fort Jakova	cai_region_hint_area_kislev	官方
333	基斯里夫	超凡帝国	南方州	扎万斯卡	冰雪王廷		450.25	567.73	674	736	wh3_main_combi_region_zavastra	wh3_main_combi_province_southern_oblast	wh3_main_ksl_the_ice_court	Zavastra	cai_region_hint_area_kislev	官方
334	基斯里夫	超凡帝国	南方州	维捷沃	贝尔索林		473.64	548.84	709	711	wh3_main_combi_region_vitevo	wh3_main_combi_province_southern_oblast	wh_main_nor_baersonling	Vitevo	cai_region_hint_area_kislev	官方
335	基斯里夫	超凡帝国	南方州	艾格尔	贝尔索林		501.69	562.72	751	729	wh3_main_combi_region_igerov	wh3_main_combi_province_southern_oblast	wh_main_nor_baersonling	Igerov	cai_region_hint_area_kislev	官方
336	基斯里夫	超凡帝国	受诅之城	普拉格	罗普思曼氏族	是	482.99	594.35	723	770	wh3_main_combi_region_praag	wh3_main_combi_province_the_cursed_city	wh3_main_ksl_ropsmenn_clan	Praag	cai_region_hint_area_kislev	官方
337	基斯里夫	超凡帝国	巨魔国度	亚历山德罗诺夫城堡	大正教会		409.50	611.32	613	792	wh3_main_combi_region_castle_alexandronov	wh3_main_combi_province_troll_country	wh3_main_ksl_the_great_orthodoxy	Castle Alexandronov	cai_region_hint_area_kislev	官方
338	基斯里夫	超凡帝国	巨魔国度	佐申克	乌果尔族裔		430.88	612.86	645	794	wh3_main_combi_region_zoishenk	wh3_main_combi_province_troll_country	wh3_main_ksl_ungol_kindred	Zoishenk	cai_region_hint_area_kislev	官方
339	基斯里夫	超凡帝国	巨魔国度	奥斯卓斯克要塞	飞地近卫军	是	454.26	606.30	680	786	wh3_main_combi_region_fort_ostrosk	wh3_main_combi_province_troll_country	wh3_main_ksl_druzhina_enclave	Fort Ostrosk	cai_region_hint_area_kislev	官方
340	基斯里夫	超凡帝国	巨魔国度	斯拉格霍夫要塞	飞地近卫军		447.58	621.73	670	806	wh3_main_combi_region_fort_straghov	wh3_main_combi_province_troll_country	wh3_main_ksl_druzhina_enclave	Fort Straghov	cai_region_hint_area_kislev	官方
341	基斯里夫	超凡帝国	林斯克河	厄伦格勒	大正教会	是	423.53	593.96	634	770	wh3_main_combi_region_erengrad	wh3_main_combi_province_river_lynsk	wh3_main_ksl_the_great_orthodoxy	Erengrad	cai_region_hint_area_kislev	官方
342	基斯里夫	超凡帝国	黑血隘口	地狱深坑	腐坏氏族	是	470.96	622.89	705	807	wh3_main_combi_region_hell_pit	wh3_main_combi_province_black_blood_pass	wh2_main_skv_clan_moulder	Hell Pit	cai_region_hint_area_kislev	官方
343	艾索洛伦（森林王国）	超凡帝国	伊·艾迪·伊特洛斯	时代橡树	塔塞恩	是	342.70	409.99	513	531	wh3_main_combi_region_the_oak_of_ages	wh3_main_combi_province_yn_edri_eternos	wh_dlc05_wef_wood_elves	The Oak of Ages	cai_region_hint_area_athel_loren	官方
344	艾索洛伦（森林王国）	超凡帝国	塔塞恩	君王林	塔塞恩	是	342.03	400.35	512	519	wh3_main_combi_region_kings_glade	wh3_main_combi_province_talsyn	wh_dlc05_wef_wood_elves	King's Glade	cai_region_hint_area_athel_loren	官方
345	艾索洛伦（森林王国）	超凡帝国	温德里赫	芬多岩厅	温德里赫	是	352.72	419.63	528	544	wh3_main_combi_region_crag_halls_of_findol	wh3_main_combi_province_wydrioth	wh_dlc05_wef_wydrioth	Crag Halls of Findol	cai_region_hint_area_athel_loren	官方
346	艾索洛伦（森林王国）	超凡帝国	特戈凡	瓦尔铁砧	特戈凡	是	335.35	425.03	502	551	wh3_main_combi_region_vauls_anvil_loren	wh3_main_combi_province_torgovann	wh_dlc05_wef_torgovann	Vaul's Anvil	cai_region_hint_area_athel_loren	官方
347	艾索洛伦（森林王国）	超凡帝国	阿格维隆	流水宫	阿格维隆	是	344.04	436.99	515	566	wh3_main_combi_region_waterfall_palace	wh3_main_combi_province_argwylon	wh_dlc05_wef_argwylon	Waterfall Palace	cai_region_hint_area_athel_loren	官方
348	矮人帝国（世界边缘山脉）	超凡帝国	东恶地	德林格拉卡	卡拉克·铁峰堡		505.03	320.89	756	416	wh3_main_combi_region_dringorackaz	wh3_main_combi_province_eastern_badlands	wh_main_dwf_karak_azul	Dringorackaz	cai_region_hint_area_dwarf_empire	官方
349	矮人帝国（世界边缘山脉）	超凡帝国	东恶地	怨恨峰	卡拉克·铁峰堡		527.08	322.05	789	417	wh3_main_combi_region_spitepeak	wh3_main_combi_province_eastern_badlands	wh_main_dwf_karak_azul	Spitepeak	cai_region_hint_area_dwarf_empire	官方
350	矮人帝国（世界边缘山脉）	超凡帝国	东恶地	扭曲毒牙要塞	赤牙	是	488.33	321.28	731	416	wh3_main_combi_region_crooked_fang_fort	wh3_main_combi_province_eastern_badlands	wh_main_grn_red_fangs	Crooked Fang Fort	cai_region_hint_area_dwarf_empire	官方
351	矮人帝国（世界边缘山脉）	超凡帝国	八峰山	卡拉克·八峰山	邪月反抗军	是	508.37	354.45	761	459	wh3_main_combi_region_karak_eight_peaks	wh3_main_combi_province_eight_peaks	wh_main_grn_necksnappers	Karak Eight Peaks	cai_region_hint_area_dwarf_empire	官方
352	矮人帝国（世界边缘山脉）	超凡帝国	八峰山	瓦拉雅伤心地	邪月反抗军		492.34	344.42	737	446	wh3_main_combi_region_valayas_sorrow	wh3_main_combi_province_eight_peaks	wh_main_grn_necksnappers	Valaya's Sorrow	cai_region_hint_area_dwarf_empire	官方
353	矮人帝国（世界边缘山脉）	超凡帝国	北世界边缘山脉	千柱石厅	响骨	是	534.43	521.45	800	676	wh3_main_combi_region_khazid_irkulaz	wh3_main_combi_province_northern_worlds_edge_mountains	wh2_dlc15_grn_bonerattlaz	Khazid Irkulaz	cai_region_hint_area_dwarf_empire	官方
354	矮人帝国（世界边缘山脉）	超凡帝国	北世界边缘山脉	卡拉克·拉泽亚克	硬石脑袋		507.04	516.44	759	669	wh3_main_combi_region_karak_raziak	wh3_main_combi_province_northern_worlds_edge_mountains	wh3_main_ogr_rock_skulls	Karak Raziak	cai_region_hint_area_dwarf_empire	官方
355	矮人帝国（世界边缘山脉）	超凡帝国	北世界边缘山脉	卡拉克·红眼山	硬石脑袋		515.72	535.34	772	694	wh3_main_combi_region_karak_ungor	wh3_main_combi_province_northern_worlds_edge_mountains	wh3_main_ogr_rock_skulls	Karak Ungor	cai_region_hint_area_dwarf_empire	官方
356	矮人帝国（世界边缘山脉）	超凡帝国	南世界边缘山脉	卡拉克·铁峰堡	卡拉克·铁峰堡	是	533.76	349.05	799	452	wh3_main_combi_region_karak_azul	wh3_main_combi_province_southern_worlds_edge_mountains	wh_main_dwf_karak_azul	Karak Azul	cai_region_hint_area_dwarf_empire	官方
357	矮人帝国（世界边缘山脉）	超凡帝国	南世界边缘山脉	死亡深坑	卡拉克·铁峰堡		538.43	334.01	806	433	wh3_main_combi_region_sump_pit	wh3_main_combi_province_southern_worlds_edge_mountains	wh_main_dwf_karak_azul	Death Pit	cai_region_hint_area_dwarf_empire	官方
358	矮人帝国（世界边缘山脉）	超凡帝国	南世界边缘山脉	黑铁矿场	卡拉克·铁峰堡		532.42	371.42	797	481	wh3_main_combi_region_black_iron_mine	wh3_main_combi_province_southern_worlds_edge_mountains	wh_main_dwf_karak_azul	Black Iron Mine	cai_region_hint_area_dwarf_empire	官方
359	矮人帝国（世界边缘山脉）	超凡帝国	南部灰色山脉	卡拉克·无畏堡			337.36	457.04	505	592	wh3_main_combi_region_karak_azgaraz	wh3_main_combi_province_southern_grey_mountains		Karak Azgaraz	cai_region_hint_area_dwarf_empire	官方
360	矮人帝国（世界边缘山脉）	超凡帝国	南部灰色山脉	卡拉克·荒芜堡	卡拉克·荒芜堡	是	356.73	440.46	534	571	wh3_main_combi_region_karak_norn	wh3_main_combi_province_southern_grey_mountains	wh_main_dwf_karak_norn	Karak Norn	cai_region_hint_area_dwarf_empire	官方
361	矮人帝国（世界边缘山脉）	超凡帝国	南部灰色山脉	寒垒	卡拉克·荒芜堡		364.75	408.83	546	530	wh3_main_combi_region_grimhold	wh3_main_combi_province_southern_grey_mountains	wh_main_dwf_karak_norn	Grimhold	cai_region_hint_area_dwarf_empire	官方
362	矮人帝国（世界边缘山脉）	超凡帝国	南部灰色山脉	脆骨村			374.77	423.10	561	548	wh3_main_combi_region_gristle_valley	wh3_main_combi_province_southern_grey_mountains		Gristle Valley	cai_region_hint_area_dwarf_empire	官方
363	矮人帝国（世界边缘山脉）	超凡帝国	尖峰隘口	卡拉克·卡德林	卡拉克·卡德林	是	499.69	496.77	748	644	wh3_main_combi_region_karak_kadrin	wh3_main_combi_province_peak_pass	wh_main_dwf_karak_kadrin	Karak Kadrin	cai_region_hint_area_dwarf_empire	官方
364	矮人帝国（世界边缘山脉）	超凡帝国	尖峰隘口	纳施拉克巢穴	赤目		529.08	496.00	792	643	wh3_main_combi_region_gnashraks_lair	wh3_main_combi_province_peak_pass	wh_main_grn_red_eye	Gnashrak's Lair	cai_region_hint_area_dwarf_empire	官方
365	矮人帝国（世界边缘山脉）	超凡帝国	死亡隘口	卡拉格·雷鸣堡	铁爪兽人		502.36	398.80	752	517	wh3_main_combi_region_karag_dron	wh3_main_combi_province_death_pass	wh3_dlc26_grn_gorbad_ironclaw	Karag Dron	cai_region_hint_area_dwarf_empire	官方
366	矮人帝国（世界边缘山脉）	超凡帝国	死亡隘口	钢铁岩	疤眼		486.33	378.75	728	491	wh3_main_combi_region_iron_rock	wh3_main_combi_province_death_pass	wh_main_grn_scabby_eye	Iron Rock	cai_region_hint_area_dwarf_empire	官方
367	矮人帝国（世界边缘山脉）	超凡帝国	死亡隘口	黑岩堡	铁爪兽人	是	503.03	372.96	753	483	wh3_main_combi_region_black_crag	wh3_main_combi_province_death_pass	wh3_dlc26_grn_gorbad_ironclaw	Black Crag	cai_region_hint_area_dwarf_empire	官方
368	矮人帝国（世界边缘山脉）	超凡帝国	死岩裂口	世界边缘之门	血矛		547.12	434.67	819	563	wh3_main_combi_region_worlds_edge_archway	wh3_main_combi_province_deadrock_gap	wh_main_grn_bloody_spearz	World's Edge Archway	cai_region_hint_area_dwarf_empire	官方
369	矮人帝国（世界边缘山脉）	超凡帝国	死岩裂口	刚巴德峰	邪月	是	540.44	453.96	809	588	wh3_main_combi_region_mount_gunbad	wh3_main_combi_province_deadrock_gap	wh_main_grn_crooked_moon	Mount Gunbad	cai_region_hint_area_dwarf_empire	官方
370	矮人帝国（世界边缘山脉）	超凡帝国	死岩裂口	至高之地	血矛		531.09	424.64	795	550	wh3_main_combi_region_the_high_place	wh3_main_combi_province_deadrock_gap	wh_main_grn_bloody_spearz	The High Place	cai_region_hint_area_dwarf_empire	官方
371	矮人帝国（世界边缘山脉）	超凡帝国	毒水河	克拉德罗门	赤牙		499.02	302.77	747	392	wh3_main_combi_region_kradtommen	wh3_main_combi_province_blightwater	wh_main_grn_red_fangs	Kradtommen	cai_region_hint_area_dwarf_empire	官方
372	矮人帝国（世界边缘山脉）	超凡帝国	毒水河	卡拉克·龙崖堡	赤牙	是	476.98	304.69	714	395	wh3_main_combi_region_karak_azgal	wh3_main_combi_province_blightwater	wh_main_grn_red_fangs	Karak Azgal	cai_region_hint_area_dwarf_empire	官方
373	矮人帝国（世界边缘山脉）	超凡帝国	毒水河	迷雾山	摩斯氏族		522.40	296.98	782	385	wh3_main_combi_region_misty_mountain	wh3_main_combi_province_blightwater	wh2_main_skv_clan_mors	Misty Mountain	cai_region_hint_area_dwarf_empire	官方
374	矮人帝国（世界边缘山脉）	超凡帝国	白银之路	卡拉扎-阿-卡拉克	卡拉扎-阿-卡拉克	是	491.67	423.49	736	549	wh3_main_combi_region_karaz_a_karak	wh3_main_combi_province_the_silver_road	wh_main_dwf_dwarfs	Karaz-a-Karak	cai_region_hint_area_dwarf_empire	官方
375	矮人帝国（世界边缘山脉）	超凡帝国	白银之路	史奎格独角山	血矛		520.40	413.07	779	535	wh3_main_combi_region_mount_squighorn	wh3_main_combi_province_the_silver_road	wh_main_grn_bloody_spearz	Mount Squighorn	cai_region_hint_area_dwarf_empire	官方
376	矮人帝国（世界边缘山脉）	超凡帝国	白银之路	葛朗尼石厅	血矛		509.04	421.94	762	547	wh3_main_combi_region_the_pillars_of_grungni	wh3_main_combi_province_the_silver_road	wh_main_grn_bloody_spearz	The Pillars of Grungni	cai_region_hint_area_dwarf_empire	官方
377	矮人帝国（世界边缘山脉）	超凡帝国	秘藏山脉	卡拉克·卜达尔	断鼻		353.39	385.30	529	499	wh3_main_combi_region_karak_bhufdar	wh3_main_combi_province_the_vaults	wh_main_grn_broken_nose	Karak Bhufdar	cai_region_hint_area_dwarf_empire	官方
378	矮人帝国（世界边缘山脉）	超凡帝国	秘藏山脉	卡拉克·铜山堡	断鼻	是	373.43	389.93	559	505	wh3_main_combi_region_karak_izor	wh3_main_combi_province_the_vaults	wh_main_grn_broken_nose	Karak Izor	cai_region_hint_area_dwarf_empire	官方
379	矮人帝国（世界边缘山脉）	超凡帝国	秘藏山脉	扎拉奇	安格朗德氏族		360.07	348.28	539	451	wh3_main_combi_region_zarakzil	wh3_main_combi_province_the_vaults	wh_main_dwf_karak_izor	Zarakzil	cai_region_hint_area_dwarf_empire	官方
380	矮人帝国（世界边缘山脉）	超凡帝国	肋骨峰	殇王山	赤目		526.41	483.65	788	627	wh3_main_combi_region_fallen_king_mountain	wh3_main_combi_province_rib_peaks	wh_main_grn_red_eye	Fallen King Mountain	cai_region_hint_area_dwarf_empire	官方
381	矮人帝国（世界边缘山脉）	超凡帝国	肋骨峰	葛罗姆峰	赤目	是	513.05	454.34	768	589	wh3_main_combi_region_grom_peak	wh3_main_combi_province_rib_peaks	wh_main_grn_red_eye	Grom Peak	cai_region_hint_area_dwarf_empire	官方
382	矮人帝国（世界边缘山脉）	超凡帝国	血河谷	军库堡	疤眼		473.64	393.02	709	509	wh3_main_combi_region_barag_dawazbag	wh3_main_combi_province_blood_river_valley	wh_main_grn_scabby_eye	Barag Dawazbag	cai_region_hint_area_dwarf_empire	官方
383	矮人帝国（世界边缘山脉）	超凡帝国	血河谷	巴拉克·海门	巴拉克·海门	是	448.92	394.95	672	512	wh3_main_combi_region_barak_varr	wh3_main_combi_province_blood_river_valley	wh_main_dwf_barak_varr	Barak Varr	cai_region_hint_area_dwarf_empire	官方
384	矮人帝国（世界边缘山脉）	超凡帝国	血河谷	永望堡	疤眼		446.25	383.38	668	497	wh3_main_combi_region_dok_karaz	wh3_main_combi_province_blood_river_valley	wh_main_grn_scabby_eye	Dok Karaz	cai_region_hint_area_dwarf_empire	官方
385	矮人帝国（世界边缘山脉）	超凡帝国	血河谷	瓦列卡丘陵	巴拉克·海门		468.96	408.06	702	529	wh3_main_combi_region_varenka_hills	wh3_main_combi_province_blood_river_valley	wh_main_dwf_barak_varr	Varenka Hills	cai_region_hint_area_dwarf_empire	官方
386	矮人帝国（世界边缘山脉）	超凡帝国	黑水	卡拉格·多玛尔	激流关		450.92	433.90	675	562	wh3_main_combi_region_karag_dromar	wh3_main_combi_province_black_water	wh_main_dwf_zhufbar	Karag Dromar	cai_region_hint_area_dwarf_empire	官方
387	矮人帝国（世界边缘山脉）	超凡帝国	黑水	橡锤镇	激流关		477.64	455.50	715	590	wh3_main_combi_region_oakenhammer	wh3_main_combi_province_black_water	wh_main_dwf_zhufbar	Oakenhammer	cai_region_hint_area_dwarf_empire	官方
388	矮人帝国（世界边缘山脉）	超凡帝国	黑水	激流关	激流关	是	492.34	459.36	737	595	wh3_main_combi_region_zhufbar	wh3_main_combi_province_black_water	wh_main_dwf_zhufbar	Zhufbar	cai_region_hint_area_dwarf_empire	官方
389	矮人帝国（世界边缘山脉）	超凡帝国	黑色山脉	卡拉克·号角堡	卡拉克·号角堡	是	394.14	413.46	590	536	wh3_main_combi_region_karak_hirn	wh3_main_combi_province_black_mountains	wh_main_dwf_karak_hirn	Karak Hirn	cai_region_hint_area_dwarf_empire	官方
390	矮人帝国（世界边缘山脉）	超凡帝国	黑色山脉	盗匪关	卡拉克·号角堡		434.22	427.34	650	554	wh3_main_combi_region_mighdal_vongalbarak	wh3_main_combi_province_black_mountains	wh_main_dwf_karak_hirn	Mighdal Vongalbarak	cai_region_hint_area_dwarf_empire	官方
391	边境亲王领	超凡帝国	东边境亲王领	卡拉克·锻铁堡	大胃信徒		420.19	409.99	629	531	wh3_main_combi_region_karak_angazhar	wh3_main_combi_province_eastern_border_princes	wh3_main_ogr_disciples_of_the_maw	Karak Angazhar	cai_region_hint_area_border_princes	官方
392	边境亲王领	超凡帝国	东边境亲王领	阿肯多夫	边境亲王	是	452.93	416.54	678	540	wh3_main_combi_region_akendorf	wh3_main_combi_province_eastern_border_princes	wh_main_teb_border_princes	Akendorf	cai_region_hint_area_border_princes	官方
393	边境亲王领	超凡帝国	东边境亲王领	马托卡	边境亲王		422.20	389.55	632	505	wh3_main_combi_region_matorca	wh3_main_combi_province_eastern_border_princes	wh_main_teb_border_princes	Matorca	cai_region_hint_area_border_princes	官方
394	边境亲王领	超凡帝国	伊拉纳山脉	比尔巴利	埃斯塔利亚	是	266.55	370.65	399	480	wh3_main_combi_region_bilbali	wh3_main_combi_province_irrana_mountains	wh_main_teb_estalia	Bilbali	cai_region_hint_area_border_princes	官方
395	边境亲王领	超凡帝国	伊拉纳山脉	蒙特纳斯	埃斯塔利亚		276.57	350.21	414	454	wh3_main_combi_region_montenas	wh3_main_combi_province_irrana_mountains	wh_main_teb_estalia	Montenas	cai_region_hint_area_border_princes	官方
396	边境亲王领	超凡帝国	埃斯塔利亚	努嘉	埃斯塔利亚		254.52	328.99	381	426	wh3_main_combi_region_nuja	wh3_main_combi_province_estalia	wh_main_teb_estalia	Nuja	cai_region_hint_area_border_princes	官方
397	边境亲王领	超凡帝国	埃斯塔利亚	托巴罗	埃斯塔利亚		311.97	342.11	467	443	wh3_main_combi_region_tobaro	wh3_main_combi_province_estalia	wh_main_teb_estalia	Tobaro	cai_region_hint_area_border_princes	官方
398	边境亲王领	超凡帝国	埃斯塔利亚	马格里特	埃斯塔利亚	是	278.57	330.54	417	428	wh3_main_combi_region_magritta	wh3_main_combi_province_estalia	wh_main_teb_estalia	Magritta	cai_region_hint_area_border_princes	官方
399	边境亲王领	超凡帝国	幽暗林	幽暗林	死匍	是	469.63	423.87	703	549	wh3_main_combi_region_forest_of_gloom	wh3_main_combi_province_forest_of_gloom	wh2_dlc16_grn_creeping_death	Forest of Gloom	cai_region_hint_area_border_princes	官方
400	边境亲王领	超凡帝国	提利尔	卢西尼	提利尔		337.36	316.65	505	410	wh3_main_combi_region_luccini	wh3_main_combi_province_tilea	wh_main_teb_tilea	Luccini	cai_region_hint_area_border_princes	官方
401	边境亲王领	超凡帝国	提利尔	拉夫拉法	提利尔		346.71	335.94	519	435	wh3_main_combi_region_riffraffa	wh3_main_combi_province_tilea	wh_main_teb_tilea	Riffraffa	cai_region_hint_area_border_princes	官方
402	边境亲王领	超凡帝国	提利尔	米拉格连诺	提利尔	是	332.01	352.13	497	456	wh3_main_combi_region_miragliano	wh3_main_combi_province_tilea	wh_main_teb_tilea	Miragliano	cai_region_hint_area_border_princes	官方
403	边境亲王领	超凡帝国	枯萎沼泽	斯卡文魔都	史库里氏族	是	310.64	355.99	465	461	wh3_main_combi_region_skavenblight	wh3_main_combi_province_the_blighted_marshes	wh2_main_skv_clan_skryre	Skavenblight	cai_region_hint_area_border_princes	官方
404	边境亲王领	超凡帝国	海盗涌流	萨图沙	萨图沙海盗	是	328.67	300.84	492	390	wh3_main_combi_region_sartosa	wh3_main_combi_province_pirates_current	wh2_dlc11_cst_pirates_of_sartosa	Sartosa	cai_region_hint_area_border_princes	官方
405	边境亲王领	超凡帝国	西边境亲王领	佐拉克	边境亲王		388.13	378.36	581	490	wh3_main_combi_region_zvorak	wh3_main_combi_province_western_border_princes	wh_main_teb_border_princes	Zvorak	cai_region_hint_area_border_princes	官方
406	边境亲王领	超凡帝国	西边境亲王领	米尔米登	边境亲王	是	382.12	334.78	572	434	wh3_main_combi_region_myrmidens	wh3_main_combi_province_western_border_princes	wh_main_teb_border_princes	Myrmidens	cai_region_hint_area_border_princes	官方
407	边境亲王领	超凡帝国	西边境亲王领	维达诺斯	边境亲王		372.09	348.28	557	451	wh3_main_combi_region_verdanos	wh3_main_combi_province_western_border_princes	wh_main_teb_border_princes	Verdanos	cai_region_hint_area_border_princes	官方
408	边境亲王领	超凡帝国	西边境亲王领	阿尔加利斯	边境亲王		359.40	321.66	538	417	wh3_main_combi_region_argalis	wh3_main_combi_province_western_border_princes	wh_main_teb_border_princes	Argalis	cai_region_hint_area_border_princes	官方
409	恶地	超凡帝国	南恶地	巨人塔	顶髻		390.80	318.96	585	413	wh3_main_combi_region_gronti_mingol	wh3_main_combi_province_southern_badlands	wh_main_grn_top_knotz	Gronti Mingol	cai_region_hint_area_badlands	官方
410	恶地	超凡帝国	南恶地	金誓城	顶髻	是	416.85	290.81	624	377	wh3_main_combi_region_galbaraz	wh3_main_combi_province_southern_badlands	wh_main_grn_top_knotz	Galbaraz	cai_region_hint_area_badlands	官方
411	恶地	超凡帝国	南恶地	风暴石环	顶髻		379.44	273.07	568	354	wh3_main_combi_region_stormhenge	wh3_main_combi_province_southern_badlands	wh_main_grn_top_knotz	Stormhenge	cai_region_hint_area_badlands	官方
412	恶地	超凡帝国	木栅偶像	死亡谷	恐虐流放者	是	478.98	273.45	717	354	wh3_main_combi_region_deff_gorge	wh3_main_combi_province_barrier_idols	wh3_main_kho_exiles_of_khorne	Deff Gorge	cai_region_hint_area_badlands	官方
413	恶地	超凡帝国	木栅偶像	石纹厅	顶髻		436.23	255.71	653	331	wh3_main_combi_region_agrul_migdhal	wh3_main_combi_province_barrier_idols	wh_main_grn_top_knotz	Agrul Migdhal	cai_region_hint_area_badlands	官方
414	恶地	超凡帝国	木栅偶像	荒兽镇	顶髻		393.47	257.25	589	333	wh3_main_combi_region_gor_gazan	wh3_main_combi_province_barrier_idols	wh_main_grn_top_knotz	Gor Gazan	cai_region_hint_area_badlands	官方
415	恶地	超凡帝国	疯狂沼泽	浮镇	摩茹堪诸公		456.27	287.34	683	372	wh3_main_combi_region_floating_village	wh3_main_combi_province_marshes_of_madness	wh3_main_ie_vmp_sires_of_mourkain	Floating Village	cai_region_hint_area_badlands	官方
416	恶地	超凡帝国	疯狂沼泽	莫根海姆	摩茹堪诸公	是	457.60	315.88	685	409	wh3_main_combi_region_morgheim	wh3_main_combi_province_marshes_of_madness	wh3_main_ie_vmp_sires_of_mourkain	Morgheim	cai_region_hint_area_badlands	官方
417	恶地	超凡帝国	疯狂沼泽	赫尔纳奇洼地	摩茹堪诸公		432.22	279.62	647	362	wh3_main_combi_region_sunken_khernarch	wh3_main_combi_province_marshes_of_madness	wh3_main_ie_vmp_sires_of_mourkain	Sunken Khernarch	cai_region_hint_area_badlands	官方
418	恶地	超凡帝国	西恶地	无底石阶	劫牙	是	423.53	342.49	634	444	wh3_main_combi_region_ekrund	wh3_main_combi_province_western_badlands	wh_main_grn_teef_snatchaz	Ekrund	cai_region_hint_area_badlands	官方
419	恶地	超凡帝国	西恶地	石矿哨塔	蠕虫氏族		418.19	371.80	626	482	wh3_main_combi_region_stonemine_tower	wh3_main_combi_province_western_badlands	wh3_main_skv_clan_verms	Stonemine Tower	cai_region_hint_area_badlands	官方
420	恶地	超凡帝国	西恶地	苦岩矿场	劫牙		440.90	347.89	660	451	wh3_main_combi_region_bitterstone_mine	wh3_main_combi_province_western_badlands	wh_main_grn_teef_snatchaz	Bitterstone Mine	cai_region_hint_area_badlands	官方
421	恶地	超凡帝国	西恶地	龙角矿场	蠕虫氏族		432.22	327.45	647	424	wh3_main_combi_region_dragonhorn_mines	wh3_main_combi_province_western_badlands	wh3_main_skv_clan_verms	Dragonhorn Mines	cai_region_hint_area_badlands	官方
422	哀恸山脉	超凡帝国	东行之路	弯刀山	赛铁刀皮	是	624.61	540.35	935	700	wh3_main_combi_region_sabre_mountain	wh3_main_combi_province_path_to_the_east	wh3_main_ogr_sabreskin	Sabre Mountain	cai_region_hint_area_mountains_of_mourn	官方
423	哀恸山脉	超凡帝国	东行之路	暴雪峰	獠日部落		678.72	539.19	1016	699	wh3_main_combi_region_blizzardpeak	wh3_main_combi_province_path_to_the_east	wh3_main_grn_tusked_sunz	Blizzardpeak	cai_region_hint_area_mountains_of_mourn	官方
424	哀恸山脉	超凡帝国	东行之路	涌冰口	獠日部落		647.32	550.38	969	713	wh3_main_combi_region_icespewer	wh3_main_combi_province_path_to_the_east	wh3_main_grn_tusked_sunz	Icespewer	cai_region_hint_area_mountains_of_mourn	官方
425	哀恸山脉	超凡帝国	哀痛山脉	卡拉克·黑域堡	卡拉克·黑域堡	是	665.36	437.37	996	567	wh3_main_combi_region_karak_azorn	wh3_main_combi_province_mountains_of_mourn	wh3_main_dwf_karak_azorn	Karak Azorn	cai_region_hint_area_mountains_of_mourn	官方
426	哀恸山脉	超凡帝国	哀痛山脉	巨角山谷	群山之子		668.03	403.43	1000	523	wh3_main_combi_region_valley_of_horns	wh3_main_combi_province_mountains_of_mourn	wh3_main_ogr_sons_of_the_mountain	Valley of Horns	cai_region_hint_area_mountains_of_mourn	官方
427	哀恸山脉	超凡帝国	哀痛山脉	漫步峰	群山之子		686.07	421.56	1027	546	wh3_main_combi_region_amblepeak	wh3_main_combi_province_mountains_of_mourn	wh3_main_ogr_sons_of_the_mountain	Amblepeak	cai_region_hint_area_mountains_of_mourn	官方
428	哀恸山脉	超凡帝国	孬不拉国度	孬不拉山峡	崔彻锐克氏族		716.13	336.32	1072	436	wh3_main_combi_region_gnobbly_gorge	wh3_main_combi_province_gnoblar_country	wh3_main_skv_clan_treecherik	Gnobbly Gorge	cai_region_hint_area_mountains_of_mourn	官方
429	哀恸山脉	超凡帝国	孬不拉国度	蹒跚镇	崔彻锐克氏族		703.44	355.99	1053	461	wh3_main_combi_region_mount_thug	wh3_main_combi_province_gnoblar_country	wh3_main_skv_clan_treecherik	Shambletown	cai_region_hint_area_mountains_of_mourn	官方
430	哀恸山脉	超凡帝国	岩天矮丘	花岗岩群峰	扎尔战团		718.80	542.28	1076	703	wh3_main_combi_region_granite_spikes	wh3_main_combi_province_stonesky_foothills	wh3_dlc23_chd_zhatan	Granite Spikes	cai_region_hint_area_mountains_of_mourn	官方
431	哀恸山脉	超凡帝国	白骨之路	泰坦谷	白虎之爪		708.12	431.97	1060	560	wh3_main_combi_region_vale_of_titans	wh3_main_combi_province_bone_road	wh3_cp1_cth_tiger_warriors	Vale of Titans	cai_region_hint_area_mountains_of_mourn	官方
432	哀恸山脉	超凡帝国	白骨之路	浴血峰	嗜血狂	是	696.76	463.21	1043	600	wh3_main_combi_region_bloodpeak	wh3_main_combi_province_bone_road	wh3_main_ogr_blood_guzzlers	Bloodpeak	cai_region_hint_area_mountains_of_mourn	官方
433	哀恸山脉	超凡帝国	白骨之路	火口	嗜血狂		672.71	460.13	1007	596	wh3_main_combi_region_fire_mouth	wh3_main_combi_province_bone_road	wh3_main_ogr_blood_guzzlers	Fire Mouth	cai_region_hint_area_mountains_of_mourn	官方
434	哀恸山脉	超凡帝国	远古巨人之地	泰坦台阶	吞山者		699.43	490.21	1047	635	wh3_main_combi_region_titans_notch	wh3_main_combi_province_ancient_giant_lands	wh3_main_ogr_mountaineaters	Titan's Notch	cai_region_hint_area_mountains_of_mourn	官方
435	哀恸山脉	超凡帝国	远古巨人之地	耶提峰	吞山者	是	715.46	477.87	1071	619	wh3_main_combi_region_yhetee_peak	wh3_main_combi_province_ancient_giant_lands	wh3_main_ogr_mountaineaters	Yhetee Peak	cai_region_hint_area_mountains_of_mourn	官方
436	哀恸山脉	超凡帝国	迦什·卡德拉克	卡拉克·凄凉堡	佛戈	是	674.71	506.02	1010	656	wh3_main_combi_region_karak_vrag	wh3_main_combi_province_gash_kadrak	wh3_main_ogr_fulg	Karak Vrag	cai_region_hint_area_mountains_of_mourn	官方
437	哀恸山脉	超凡帝国	迦什·卡德拉克	噬人狂之岩	佛戈		666.03	523.38	997	678	wh3_main_combi_region_gorger_rock	wh3_main_combi_province_gash_kadrak	wh3_main_ogr_fulg	Gorger Rock	cai_region_hint_area_mountains_of_mourn	官方
438	哀恸山脉	超凡帝国	迦什·卡德拉克	鹰巢	格里姆格的狠小子		642.65	512.97	962	665	wh3_main_combi_region_eagle_eyries	wh3_main_combi_province_gash_kadrak	wh_main_grn_greenskins	Eagle Eyries	cai_region_hint_area_mountains_of_mourn	官方
439	哀恸山脉	超凡帝国	迦什·卡德拉克	黑牙镇	佛戈		652.00	492.91	976	639	wh3_main_combi_region_black_fang	wh3_main_combi_province_gash_kadrak	wh3_main_ogr_fulg	Black Fang	cai_region_hint_area_mountains_of_mourn	官方
440	哀恸山脉	超凡帝国	长牙之路	不屈峰	叉棒		701.44	377.20	1050	489	wh3_main_combi_region_grimtop	wh3_main_combi_province_ivory_road	wh3_main_ogr_crossed_clubs	Grimtop	cai_region_hint_area_mountains_of_mourn	官方
441	哀恸山脉	超凡帝国	长牙之路	卡拉克·徒劳矿	金牙		670.04	379.13	1003	491	wh3_main_combi_region_karak_krakaten	wh3_main_combi_province_ivory_road	wh3_main_ogr_goldtooth	Karak Krakaten	cai_region_hint_area_mountains_of_mourn	官方
442	哀恸山脉	超凡帝国	长牙之路	大胃之门	叉棒		711.46	396.87	1065	514	wh3_main_combi_region_the_maw_gate	wh3_main_combi_province_ivory_road	wh3_main_ogr_crossed_clubs	The Maw Gate	cai_region_hint_area_mountains_of_mourn	官方
443	哀恸山脉	超凡帝国	长牙之路	格雷苏巨厅	金牙	是	688.07	388.00	1030	503	wh3_main_combi_region_great_hall_of_greasus	wh3_main_combi_province_ivory_road	wh3_main_ogr_goldtooth	Great Hall of Greasus	cai_region_hint_area_mountains_of_mourn	官方
444	哀恸山脉	超凡帝国	闹鬼森林	闹鬼森林	蓝玫瑰车队	是	712.12	322.44	1066	418	wh3_main_combi_region_the_haunted_forest	wh3_main_combi_province_the_haunted_forest	wh3_main_vmp_caravan_of_blue_roses	The Haunted Forest	cai_region_hint_area_mountains_of_mourn	官方
445	黑暗之地	超凡帝国	呼啸荒原	前哨站	黑暗之地兽人		632.63	393.79	947	510	wh3_main_combi_region_the_sentinels	wh3_main_combi_province_the_howling_wastes	wh3_main_grn_dark_land_orcs	The Sentinels	cai_region_hint_area_darklands	官方
446	黑暗之地	超凡帝国	呼啸荒原	黑堡	黑暗之地兽人		600.56	369.10	899	478	wh3_main_combi_region_darkhold	wh3_main_combi_province_the_howling_wastes	wh3_main_grn_dark_land_orcs	Darkhold	cai_region_hint_area_darklands	官方
447	黑暗之地	超凡帝国	呼啸荒原	黑色要塞	阿佐格军团	是	634.63	369.49	950	479	wh3_main_combi_region_black_fortress	wh3_main_combi_province_the_howling_wastes	wh3_dlc23_chd_legion_of_azgorh	Black Fortress	cai_region_hint_area_darklands	官方
448	黑暗之地	超凡帝国	奔行荒原	灰魔女山	月嚎部落		587.20	397.65	879	515	wh3_main_combi_region_mount_grey_hag	wh3_main_combi_province_the_desolation_of_azgorh	wh3_main_grn_moon_howlerz	Mount Grey Hag	cai_region_hint_area_darklands	官方
449	黑暗之地	超凡帝国	奔行荒原	银矛山	月嚎部落		555.14	417.70	831	541	wh3_main_combi_region_mount_silverspear	wh3_main_combi_province_the_desolation_of_azgorh	wh3_main_grn_moon_howlerz	Mount Silverspear	cai_region_hint_area_darklands	官方
450	黑暗之地	超凡帝国	奔行荒原	驼背山	咧嘴氏族	是	563.82	401.12	844	520	wh3_main_combi_region_crookback_mountain	wh3_main_combi_province_the_desolation_of_azgorh	wh2_dlc09_skv_clan_rictus	Crookback Mountain	cai_region_hint_area_darklands	官方
451	黑暗之地	超凡帝国	孬不拉国度	剥皮岩	崔彻锐克氏族	是	662.69	363.32	992	471	wh3_main_combi_region_flayed_rock	wh3_main_combi_province_gnoblar_country	wh3_main_skv_clan_treecherik	Flayed Rock	cai_region_hint_area_darklands	官方
452	黑暗之地	超凡帝国	孬不拉国度	废料塔	崔彻锐克氏族		677.39	346.35	1014	449	wh3_main_combi_region_skrap_towers	wh3_main_combi_province_gnoblar_country	wh3_main_skv_clan_treecherik	Skrap Towers	cai_region_hint_area_darklands	官方
453	黑暗之地	超凡帝国	巨龙群岛	恐惧岩	泰波克之种	是	649.33	307.78	972	399	wh3_main_combi_region_dread_rock	wh3_main_combi_province_the_dragon_isles	wh3_main_lzd_tepoks_spawn	Dread Rock	cai_region_hint_area_darklands	官方
454	黑暗之地	超凡帝国	巨龙群岛	碎石岛	泰波克之种		667.37	296.60	999	384	wh3_main_combi_region_shattered_stone_isle	wh3_main_combi_province_the_dragon_isles	wh3_main_lzd_tepoks_spawn	Shattered Stone Isle	cai_region_hint_area_darklands	官方
455	黑暗之地	超凡帝国	巨龙群岛	碎石湾	泰波克之种		667.37	322.05	999	417	wh3_main_combi_region_shattered_cove	wh3_main_combi_province_the_dragon_isles	wh3_main_lzd_tepoks_spawn	Shattered Stone Bay	cai_region_hint_area_darklands	官方
456	黑暗之地	超凡帝国	巨龙群岛	龙牙山	纳垢驭疹官		647.99	269.98	970	350	wh3_main_combi_region_dragon_fang_mount	wh3_main_combi_province_the_dragon_isles	wh3_main_nur_poxmakers_of_nurgle	Dragon Fang Mount	cai_region_hint_area_darklands	官方
457	黑暗之地	超凡帝国	扎尔平原	哀痛谷	秘会侍仆		629.96	463.98	943	601	wh3_dlc23_combi_region_gash_kadrak	wh3_main_combi_province_the_plain_of_zharr	wh3_dlc23_chd_conclave	Vale of Woe	cai_region_hint_area_darklands	官方
458	黑暗之地	超凡帝国	扎尔平原	扎尔·纳格隆德	秘会侍仆	是	629.96	484.81	943	628	wh3_main_combi_region_zharr_naggrund	wh3_main_combi_province_the_plain_of_zharr	wh3_dlc23_chd_conclave	Zharr-Naggrund	cai_region_hint_area_darklands	官方
459	黑暗之地	超凡帝国	扎尔平原	灾厄瀑布	秘会侍仆		607.91	502.94	910	652	wh3_main_combi_region_the_falls_of_doom	wh3_main_combi_province_the_plain_of_zharr	wh3_dlc23_chd_conclave	The Falls of Doom	cai_region_hint_area_darklands	官方
460	黑暗之地	超凡帝国	断牙	悲苦湾			590.54	311.64	884	404	wh3_main_combi_region_bitter_bay	wh3_main_combi_province_broken_teeth		Bitter Bay	cai_region_hint_area_darklands	官方
461	黑暗之地	超凡帝国	断牙	纳迦什扎	腐肉氏族	是	566.49	312.41	848	405	wh3_main_combi_region_nagashizzar	wh3_main_combi_province_broken_teeth	wh3_main_skv_clan_carrion	Nagashizzar	cai_region_hint_area_darklands	官方
462	黑暗之地	超凡帝国	断牙	纳迦什荒原			547.12	317.42	819	411	wh3_main_combi_region_desolation_of_nagash	wh3_main_combi_province_broken_teeth		Desolation of Nagash	cai_region_hint_area_darklands	官方
463	黑暗之地	超凡帝国	滚烫三角洲	墟涯	雷肠		632.63	329.76	947	427	wh3_main_combi_region_ruins_end	wh3_main_combi_province_mouth_of_ruin	wh3_main_ogr_thunderguts	Ruin's End	cai_region_hint_area_darklands	官方
464	黑暗之地	超凡帝国	滚烫三角洲	猪倌镇	雷肠	是	648.66	353.68	971	458	wh3_main_combi_region_pigbarter	wh3_main_combi_province_mouth_of_ruin	wh3_main_ogr_thunderguts	Pigbarter	cai_region_hint_area_darklands	官方
465	黑暗之地	超凡帝国	狼野	奔兽之塔	扎尔杜克霸主	是	603.90	406.52	904	527	wh3_main_combi_region_tower_of_gorgoth	wh3_main_combi_province_the_wolf_lands	wh3_dlc23_chd_minor_faction	Tower of Gorgoth	cai_region_hint_area_darklands	官方
466	黑暗之地	超凡帝国	狼野	恶魔桩	扎尔杜克霸主		647.32	421.56	969	546	wh3_main_combi_region_the_daemons_stump	wh3_main_combi_province_the_wolf_lands	wh3_dlc23_chd_minor_faction	The Daemon's Stump	cai_region_hint_area_darklands	官方
467	黑暗之地	超凡帝国	狼野	扎尔之门	扎尔杜克霸主		611.92	435.06	916	564	wh3_main_combi_region_the_gates_of_zharr	wh3_main_combi_province_the_wolf_lands	wh3_dlc23_chd_minor_faction	The Gates of Zharr	cai_region_hint_area_darklands	官方
468	黑暗之地	超凡帝国	诅咒荒原	呼啸岩	血牙部落		580.52	457.04	869	592	wh3_main_combi_region_howling_rock	wh3_main_combi_province_the_blasted_wastes	wh3_main_grn_drippin_fangs	Howling Rock	cai_region_hint_area_darklands	官方
469	黑暗之地	超凡帝国	诅咒荒原	焦荒外域	血牙部落		573.17	489.05	858	634	wh3_dlc23_combi_region_blasted_expanse	wh3_main_combi_province_the_blasted_wastes	wh3_main_grn_drippin_fangs	The Blasted Expanse	cai_region_hint_area_darklands	官方
470	黑暗之地	超凡帝国	诅咒荒原	白银尖顶	莱弥亚姐妹会	是	550.46	509.11	824	660	wh3_main_combi_region_silver_pinnacle	wh3_main_combi_province_the_blasted_wastes	wh3_main_vmp_lahmian_sisterhood	Silver Pinnacle	cai_region_hint_area_darklands	官方
471	黑暗之地	超凡帝国	诅咒荒原	邓肯穆尔荒原	血牙部落		556.47	471.70	833	611	wh3_main_combi_region_desolation_of_drakenmoor	wh3_main_combi_province_the_blasted_wastes	wh3_main_grn_drippin_fangs	Desolation of Drakenmoor	cai_region_hint_area_darklands	官方
472	黑暗之地	超凡帝国	骸骨平原	沃拉格要塞	卡勒多骑士	是	593.88	338.25	889	438	wh3_main_combi_region_the_fortress_of_vorag	wh3_main_combi_province_the_plain_of_bones	wh2_dlc15_hef_imrik	The Fortress of Vorag	cai_region_hint_area_darklands	官方
473	黑暗之地	超凡帝国	骸骨平原	灰烬脊	赫尔海因氏族		575.84	354.06	862	459	wh3_main_combi_region_ash_ridge_mountains	wh3_main_combi_province_the_plain_of_bones	wh2_dlc15_dwf_clan_helhein	Ash Ridge Mountains	cai_region_hint_area_darklands	官方
474	黑暗之地	超凡帝国	骸骨平原	骸骨峡谷	赫尔海因氏族		561.82	326.68	841	423	wh3_main_combi_region_the_bone_gulch	wh3_main_combi_province_the_plain_of_bones	wh2_dlc15_dwf_clan_helhein	The Bone Gulch	cai_region_hint_area_darklands	官方
475	黑暗之地	超凡帝国	骸骨高原	乌兹库拉克	哈苏特信徒	是	570.50	557.71	854	723	wh3_main_combi_region_uzkulak	wh3_main_combi_province_zorn_uzkul	wh3_dlc23_chd_astragoth	Uzkulak	cai_region_hint_area_darklands	官方
476	黑暗之地	超凡帝国	骸骨高原	巨颅湖	扎尔之奴		569.83	534.18	853	692	wh3_main_combi_region_great_skull_lakes	wh3_main_combi_province_zorn_uzkul	wh3_main_grn_slaves_of_zharr	Great Skull Lakes	cai_region_hint_area_darklands	官方
477	黑暗之地	超凡帝国	骸骨高原	德兹内沃特要塞	扎尔之奴		591.21	534.18	885	692	wh3_dlc23_combi_region_fort_dorznye_vort	wh3_main_combi_province_zorn_uzkul	wh3_main_grn_slaves_of_zharr	Fort Dorznye-vort	cai_region_hint_area_darklands	官方
478	混沌荒原	超凡帝国	冷泽	亲王宫殿	隐秘之刑		269.89	688.84	404	893	wh3_main_combi_region_palace_of_princes	wh3_main_combi_province_the_cold_mires	wh3_main_sla_subtle_torture	Palace of Princes	cai_region_hint_area_chaos_wastes	官方
479	混沌荒原	超凡帝国	冷泽	恶臭墓穴	隐秘之刑		294.60	691.54	441	896	wh3_main_combi_region_the_fetid_catacombs	wh3_main_combi_province_the_cold_mires	wh3_main_sla_subtle_torture	The Foetid Catacombs	cai_region_hint_area_chaos_wastes	官方
480	混沌荒原	超凡帝国	冷泽	扭曲群塔	隐秘之刑	是	324.00	724.71	485	939	wh3_main_combi_region_the_twisted_towers	wh3_main_combi_province_the_cold_mires	wh3_main_sla_subtle_torture	The Twisted Towers	cai_region_hint_area_chaos_wastes	官方
481	混沌荒原	超凡帝国	冷泽	马雷菲克斯之厅	隐秘之刑		313.98	700.41	470	908	wh3_main_combi_region_the_folly_of_malofex	wh3_main_combi_province_the_cold_mires	wh3_main_sla_subtle_torture	The Folly of Malofex	cai_region_hint_area_chaos_wastes	官方
482	混沌荒原	超凡帝国	北部荒原	术士银塔	绯红骷髅	是	251.85	723.17	377	937	wh3_main_combi_region_the_silvered_tower_of_sorcerers	wh3_main_combi_province_northern_wastes	wh3_main_kho_crimson_skull	The Silvered Tower of Sorcerers	cai_region_hint_area_chaos_wastes	官方
483	混沌荒原	超凡帝国	北部荒原	浴血山	绯红骷髅		280.57	711.98	420	923	wh3_main_combi_region_blood_mountain	wh3_main_combi_province_northern_wastes	wh3_main_kho_crimson_skull	Blood Mountain	cai_region_hint_area_chaos_wastes	官方
484	混沌荒原	超凡帝国	北部荒原	炼狱	绯红骷髅		287.25	729.72	430	946	wh3_main_combi_region_infernius	wh3_main_combi_province_northern_wastes	wh3_main_kho_crimson_skull	Infernius	cai_region_hint_area_chaos_wastes	官方
485	混沌荒原	超凡帝国	卡达莎	绞架树	纳吉		651.33	632.14	975	819	wh3_main_combi_region_the_gallows_tree	wh3_main_combi_province_kdatha	wh3_dlc27_the_narj	The Gallows Tree	cai_region_hint_area_chaos_wastes	官方
486	混沌荒原	超凡帝国	卡达莎	赞拜津	蛆虫军团	是	669.37	646.42	1002	838	wh3_main_combi_region_zanbaijin	wh3_main_combi_province_kdatha	wh3_dlc25_nur_tamurkhan	Zanbaijin	cai_region_hint_area_chaos_wastes	官方
487	混沌荒原	超凡帝国	奇美拉高地	决斗岩	贪肉者	是	682.06	560.41	1021	726	wh3_main_combi_region_the_challenge_stone	wh3_main_combi_province_chimera_plateau	wh3_main_ogr_fleshgreeders	The Challenge Stone	cai_region_hint_area_chaos_wastes	官方
488	混沌荒原	超凡帝国	奇美拉高地	浮空山	纳吉		684.73	609.77	1025	790	wh3_main_combi_region_floating_mountain	wh3_main_combi_province_chimera_plateau	wh3_dlc27_the_narj	Floating Mountain	cai_region_hint_area_chaos_wastes	官方
489	混沌荒原	超凡帝国	奇美拉高地	龙眠地	纳吉		691.41	583.55	1035	756	wh3_dlc20_combi_region_dragons_death	wh3_main_combi_province_chimera_plateau	wh3_dlc27_the_narj	Dragon's Death	cai_region_hint_area_chaos_wastes	官方
490	混沌荒原	超凡帝国	幻象平原	水晶尖塔	全视之眼	是	500.36	714.68	749	926	wh3_main_combi_region_the_crystal_spires	wh3_main_combi_province_plain_of_illusions	wh3_main_tze_all_seeing_eye	The Crystal Spires	cai_region_hint_area_chaos_wastes	官方
491	混沌荒原	超凡帝国	幻象平原	火山之心	全视之眼		465.62	726.25	697	941	wh3_main_combi_region_volcanos_heart	wh3_main_combi_province_plain_of_illusions	wh3_main_tze_all_seeing_eye	Volcano's Heart	cai_region_hint_area_chaos_wastes	官方
492	混沌荒原	超凡帝国	幻象平原	秘之港	全视之眼		479.65	694.24	718	900	wh3_main_combi_region_port_of_secrets	wh3_main_combi_province_plain_of_illusions	wh3_main_tze_all_seeing_eye	Port of Secrets	cai_region_hint_area_chaos_wastes	官方
493	混沌荒原	超凡帝国	恶臭肿瘤	呕胆崖	瘟疫计患官		406.16	711.21	608	922	wh3_main_combi_region_bilious_cliffs	wh3_main_combi_province_the_noisome_tumour	wh3_dlc25_nur_epidemius	Bilious Cliffs	cai_region_hint_area_chaos_wastes	官方
494	混沌荒原	超凡帝国	恶臭肿瘤	蝇塔	全视之眼		456.93	710.44	684	921	wh3_main_combi_region_the_tower_of_flies	wh3_main_combi_province_the_noisome_tumour	wh3_main_tze_all_seeing_eye	The Tower of Flies	cai_region_hint_area_chaos_wastes	官方
495	混沌荒原	超凡帝国	恶臭肿瘤	衰败森林	瘟疫计患官	是	427.54	724.32	640	939	wh3_main_combi_region_the_forest_of_decay	wh3_main_combi_province_the_noisome_tumour	wh3_dlc25_nur_epidemius	The Forest of Decay	cai_region_hint_area_chaos_wastes	官方
496	混沌荒原	超凡帝国	永恒环礁	枯萎林	零落命轮		374.10	735.12	560	953	wh3_main_combi_region_the_blighted_grove	wh3_main_combi_province_the_eternal_lagoon	wh3_main_tze_broken_wheel	The Blighted Grove	cai_region_hint_area_chaos_wastes	官方
497	混沌荒原	超凡帝国	永恒环礁	猛兽崖	零落命轮		352.05	720.08	527	933	wh3_main_combi_region_cliff_of_beasts	wh3_main_combi_province_the_eternal_lagoon	wh3_main_tze_broken_wheel	Cliff of Beasts	cai_region_hint_area_chaos_wastes	官方
498	混沌荒原	超凡帝国	永恒环礁	黑岩	零落命轮	是	389.46	723.94	583	938	wh3_main_combi_region_black_rock	wh3_main_combi_province_the_eternal_lagoon	wh3_main_tze_broken_wheel	Black Rock	cai_region_hint_area_chaos_wastes	官方
499	混沌荒原	超凡帝国	血沼	幻变要塞	精美之痛	是	611.25	684.60	915	887	wh3_main_combi_region_the_writhing_fortress	wh3_main_combi_province_the_blood_marshes	wh3_main_sla_exquisite_pain	The Writhing Fortress	cai_region_hint_area_chaos_wastes	官方
500	混沌荒原	超凡帝国	血沼	流血尖顶	库尔		616.59	646.03	923	837	wh3_main_combi_region_the_bleeding_spire	wh3_main_combi_province_the_blood_marshes	wh3_dlc20_nor_kul	The Bleeding Spire	cai_region_hint_area_chaos_wastes	官方
501	混沌荒原	超凡帝国	血沼	疫病英雄纪念柱	精美之痛		569.83	654.51	853	848	wh3_main_combi_region_monolith_of_bubonicus	wh3_main_combi_province_the_blood_marshes	wh3_main_sla_exquisite_pain	Monolith of Bubonicus	cai_region_hint_area_chaos_wastes	官方
502	混沌荒原	超凡帝国	血火瀑布	呼啸城堡	浴血长剑	是	527.75	704.27	790	913	wh3_main_combi_region_the_howling_citadel	wh3_main_combi_province_bloodfire_falls	wh3_main_kho_bloody_sword	The Howling Citadel	cai_region_hint_area_chaos_wastes	官方
503	混沌荒原	超凡帝国	血火瀑布	折磨之塔	浴血长剑		507.71	661.84	760	858	wh3_main_combi_region_the_tower_of_torment	wh3_main_combi_province_bloodfire_falls	wh3_main_kho_bloody_sword	The Tower of Torment	cai_region_hint_area_chaos_wastes	官方
504	混沌荒原	超凡帝国	血火瀑布	烂肺英雄纪念柱	浴血长剑		547.79	669.56	820	868	wh3_main_combi_region_monolith_of_festerlung	wh3_main_combi_province_bloodfire_falls	wh3_main_kho_bloody_sword	Monolith of Festerlung	cai_region_hint_area_chaos_wastes	官方
505	混沌荒原	超凡帝国	血火瀑布	燃烧之碑	浴血长剑		566.49	691.16	848	896	wh3_main_combi_region_the_burning_monolith	wh3_main_combi_province_bloodfire_falls	wh3_main_kho_bloody_sword	The Burning Monolith	cai_region_hint_area_chaos_wastes	官方
506	混沌荒原	超凡帝国	骨骸之路	卡拉克·厄运堡	受恩者	是	592.55	589.72	887	764	wh3_main_combi_region_karak_dum	wh3_main_combi_province_the_skull_road	wh3_main_ogr_lazarghs	Karak Dum	cai_region_hint_area_chaos_wastes	官方
507	混沌荒原	超凡帝国	骨骸之路	头骨立柱	受恩者		585.20	618.65	876	802	wh3_main_combi_region_pillar_of_skulls	wh3_main_combi_province_the_skull_road	wh3_main_ogr_lazarghs	Pillar of Skulls	cai_region_hint_area_chaos_wastes	官方
508	混沌荒原	超凡帝国	骨骸之路	番灭地	受恩者		565.82	603.60	847	782	wh3_main_combi_region_tribeslaughter	wh3_main_combi_province_the_skull_road	wh3_main_ogr_lazarghs	Tribeslaughter	cai_region_hint_area_chaos_wastes	官方
509	混沌荒原	超凡帝国	骨骸之路	风骸山	恐虐挑战者		540.44	639.09	809	828	wh3_main_combi_region_stormvrack_mount	wh3_main_combi_province_the_skull_road	wh3_dlc26_kho_arbaal	Stormvrack Mount	cai_region_hint_area_chaos_wastes	官方
510	震旦	超凡帝国	东部草原	血风堡	卡扎格	是	831.03	554.62	1244	719	wh3_main_combi_region_bloodwind_keep	wh3_main_combi_province_eastern_steppes	wh3_main_chs_khazag	Bloodwind Keep	cai_region_hint_area_cathay	官方
511	震旦	超凡帝国	东部草原	铁风暴	卡扎格		800.30	547.68	1198	710	wh3_main_combi_region_iron_storm	wh3_main_combi_province_eastern_steppes	wh3_main_chs_khazag	Iron Storm	cai_region_hint_area_cathay	官方
512	震旦	超凡帝国	东部草原	龙馗路	帝国戍卫		815.67	528.01	1221	684	wh3_main_combi_region_dragons_crossroad	wh3_main_combi_province_eastern_steppes	wh3_main_cth_imperial_wardens	Dragon's Crossroad	cai_region_hint_area_cathay	官方
513	震旦	超凡帝国	京畿路	修验官城	天廷忠卫		865.10	474.01	1295	614	wh3_main_combi_region_city_of_the_shugengan	wh3_main_combi_province_imperial_road	wh3_main_cth_celestial_loyalists	City of the Shugengan	cai_region_hint_area_cathay	官方
514	震旦	超凡帝国	京畿路	巍京	天廷忠卫	是	852.41	500.62	1276	649	wh3_main_combi_region_wei_jin	wh3_main_combi_province_imperial_road	wh3_main_cth_celestial_loyalists	Wei-Jin	cai_region_hint_area_cathay	官方
515	震旦	超凡帝国	京畿路	明珠	天廷忠卫		829.70	472.08	1242	612	wh3_main_combi_region_ming_zhu	wh3_main_combi_province_imperial_road	wh3_main_cth_celestial_loyalists	Ming Zhu	cai_region_hint_area_cathay	官方
516	震旦	超凡帝国	农昌盆地	农昌	玉石护军	是	849.07	380.68	1271	493	wh3_main_combi_region_nonchang	wh3_main_combi_province_nongchang_basin	wh3_main_cth_the_jade_custodians	Nongchang	cai_region_hint_area_cathay	官方
517	震旦	超凡帝国	农昌盆地	诗阎摩陵寝	玉石护军		847.73	355.22	1269	460	wh3_main_combi_region_shiyamas_rest	wh3_main_combi_province_nongchang_basin	wh3_main_cth_the_jade_custodians	Shiyama's Rest	cai_region_hint_area_cathay	官方
518	震旦	超凡帝国	大运河	崴璃庄	燃风牧民		846.40	295.82	1267	383	wh3_main_combi_region_waili_village	wh3_main_combi_province_the_great_canal	wh3_main_cth_burning_wind_nomads	Wai-Li Village	cai_region_hint_area_cathay	官方
519	震旦	超凡帝国	大运河	竹林渡	燃风牧民	是	843.06	332.46	1262	431	wh3_main_combi_region_bamboo_crossing	wh3_main_combi_province_the_great_canal	wh3_main_cth_burning_wind_nomads	Bamboo Crossing	cai_region_hint_area_cathay	官方
520	震旦	超凡帝国	天廷河原	上吴	玉廷	是	777.59	369.49	1164	479	wh3_main_combi_region_shang_wu	wh3_main_combi_province_celestial_riverlands	wh3_dlc24_cth_the_celestial_court	Shang-Wu	cai_region_hint_area_cathay	官方
521	震旦	超凡帝国	天廷河原	氏隆	僵尸叛军		827.69	355.22	1239	460	wh3_main_combi_region_shi_long	wh3_main_combi_province_celestial_riverlands	wh3_dlc21_vmp_jiangshi_rebels	Shi Long	cai_region_hint_area_cathay	官方
522	震旦	超凡帝国	天廷河原	灾恶山丘	僵尸叛军		794.96	388.00	1190	503	wh3_main_combi_region_baleful_hills	wh3_main_combi_province_celestial_riverlands	wh3_dlc21_vmp_jiangshi_rebels	Baleful Hills	cai_region_hint_area_cathay	官方
523	震旦	超凡帝国	天廷河原	通天桥	僵尸叛军		822.35	383.76	1231	497	wh3_main_combi_region_bridge_of_heaven	wh3_main_combi_province_celestial_riverlands	wh3_dlc21_vmp_jiangshi_rebels	Bridge of Heaven	cai_region_hint_area_cathay	官方
524	震旦	超凡帝国	天湖	昊天殿	玉石护军		824.35	411.14	1234	533	wh3_main_combi_region_celestial_monastery	wh3_main_combi_province_celestial_lake	wh3_main_cth_the_jade_custodians	Celestial Monastery	cai_region_hint_area_cathay	官方
525	震旦	超凡帝国	天湖	瞻世	玉石护军	是	851.74	400.73	1275	519	wh3_main_combi_region_zhanshi	wh3_main_combi_province_celestial_lake	wh3_main_cth_the_jade_custodians	Zhanshi	cai_region_hint_area_cathay	官方
526	震旦	超凡帝国	天离裂土	伏鸿	燃风牧民	是	821.68	290.04	1230	376	wh3_main_combi_region_fu_hung	wh3_main_combi_province_broken_lands_of_tian_li	wh3_main_cth_burning_wind_nomads	Fu Hung	cai_region_hint_area_cathay	官方
527	震旦	超凡帝国	天离裂土	精风寺	燃风牧民		772.25	340.18	1156	441	wh3_main_combi_region_temple_of_elemental_winds	wh3_main_combi_province_broken_lands_of_tian_li	wh3_main_cth_burning_wind_nomads	Temple of Elemental Winds	cai_region_hint_area_cathay	官方
528	震旦	超凡帝国	天离裂土	虎士庄	燃风牧民		794.29	319.74	1189	414	wh3_main_combi_region_village_of_the_tigermen	wh3_main_combi_province_broken_lands_of_tian_li	wh3_main_cth_burning_wind_nomads	Village of the Tigermen	cai_region_hint_area_cathay	官方
529	震旦	超凡帝国	奸之林	奸之林	山林精魂	是	870.45	298.14	1303	386	wh3_main_combi_region_jungles_of_chian	wh3_main_combi_province_jungles_of_chian	wh3_dlc21_wef_spirits_of_shanlin	Jungles of Chi'an	cai_region_hint_area_cathay	官方
530	震旦	超凡帝国	山脉尽头	破碎山地	阿瓦格		824.35	572.36	1234	742	wh3_main_combi_region_broken_mount	wh3_main_combi_province_mountains_end	wh3_dlc27_nor_avags	Broken Mount	cai_region_hint_area_cathay	官方
531	震旦	超凡帝国	山脉尽头	腐朽岩	阿瓦格		777.59	565.42	1164	733	wh3_main_combi_region_rotten_stone	wh3_main_combi_province_mountains_end	wh3_dlc27_nor_avags	Rotten Stone	cai_region_hint_area_cathay	官方
532	震旦	超凡帝国	山脉尽头	荒芜山脊	阿瓦格		798.97	563.11	1196	730	wh3_main_combi_region_desolation_ridge	wh3_main_combi_province_mountains_end	wh3_dlc27_nor_avags	Desolation Ridge	cai_region_hint_area_cathay	官方
533	震旦	超凡帝国	山脉尽头	黑暗塔楼	多尔甘	是	849.74	559.25	1272	725	wh3_main_combi_region_dark_tower	wh3_main_combi_province_mountains_end	wh3_dlc27_nor_sayl	Dark Tower	cai_region_hint_area_cathay	官方
534	震旦	超凡帝国	岩天矮丘	千眼要塞	卡扎格		776.92	543.44	1163	704	wh3_main_combi_region_fortress_of_eyes	wh3_main_combi_province_stonesky_foothills	wh3_main_chs_khazag	Fortress of Eyes	cai_region_hint_area_cathay	官方
535	震旦	超凡帝国	岩天矮丘	沃拉里	扎尔战团	是	742.19	552.69	1111	716	wh3_main_combi_region_the_volary	wh3_main_combi_province_stonesky_foothills	wh3_dlc23_chd_zhatan	The Volary	cai_region_hint_area_cathay	官方
536	震旦	超凡帝国	岩镔原	兵马俑墓园	南阳叛王		801.64	486.74	1200	631	wh3_main_combi_region_terracotta_graveyard	wh3_main_combi_province_lands_of_stone_and_steel	wh3_main_cth_rebel_lords_of_nan_yang	Terracotta Graveyard	cai_region_hint_area_cathay	官方
537	震旦	超凡帝国	岩镔原	蕹昌	南阳叛王		782.94	469.77	1172	609	wh3_main_combi_region_weng_chang	wh3_main_combi_province_lands_of_stone_and_steel	wh3_main_cth_rebel_lords_of_nan_yang	Weng Chang	cai_region_hint_area_cathay	官方
538	震旦	超凡帝国	岩镔原	魄魅	南阳叛王	是	820.34	500.62	1228	649	wh3_main_combi_region_po_mei	wh3_main_combi_province_lands_of_stone_and_steel	wh3_main_cth_rebel_lords_of_nan_yang	Po Mei	cai_region_hint_area_cathay	官方
539	震旦	超凡帝国	巨蛇河口	代城	妖龙族裔		915.87	294.28	1371	381	wh3_main_combi_region_dai_cheng	wh3_main_combi_province_serpent_estuary	wh3_dlc21_nor_wyrmkins	Dai Cheng	cai_region_hint_area_cathay	官方
540	震旦	超凡帝国	巨蛇河口	阿什昂之塔	妖龙族裔	是	888.48	282.32	1330	366	wh3_main_combi_region_tower_of_ashung	wh3_main_combi_province_serpent_estuary	wh3_dlc21_nor_wyrmkins	Tower of Ashung	cai_region_hint_area_cathay	官方
541	震旦	超凡帝国	次元石沙漠	上阳	缙绅逆臣	是	752.87	427.73	1127	554	wh3_main_combi_region_shang_yang	wh3_main_combi_province_warpstone_desert	wh3_main_cth_dissenter_lords_of_jinshen	Shang-Yang	cai_region_hint_area_cathay	官方
542	震旦	超凡帝国	次元石沙漠	丹鼎师祭坛	缙绅逆臣		750.87	462.06	1124	599	wh3_main_combi_region_shrine_of_the_alchemist	wh3_main_combi_province_warpstone_desert	wh3_main_cth_dissenter_lords_of_jinshen	Shrine of the Alchemist	cai_region_hint_area_cathay	官方
543	震旦	超凡帝国	次元石沙漠	泰梓	缙绅逆臣		784.94	427.73	1175	554	wh3_main_combi_region_tai_tzu	wh3_main_combi_province_warpstone_desert	wh3_main_cth_dissenter_lords_of_jinshen	Tai Tzu	cai_region_hint_area_cathay	官方
544	震旦	超凡帝国	玉江三角洲	北齐	死旗舰队		905.85	427.34	1356	554	wh3_main_combi_region_beichai	wh3_main_combi_province_jade_river_delta	wh3_dlc21_cst_dead_flag_fleet	Beichai	cai_region_hint_area_cathay	官方
545	震旦	超凡帝国	玉江三角洲	千迈	死旗舰队		877.13	402.27	1313	521	wh3_main_combi_region_chimai	wh3_main_combi_province_jade_river_delta	wh3_dlc21_cst_dead_flag_fleet	Chimai	cai_region_hint_area_cathay	官方
546	震旦	超凡帝国	玉江三角洲	抚州	死旗舰队	是	904.52	388.77	1354	504	wh3_main_combi_region_fu_chow	wh3_main_combi_province_jade_river_delta	wh3_dlc21_cst_dead_flag_fleet	Fu-Chow	cai_region_hint_area_cathay	官方
547	震旦	超凡帝国	申原	志珠	死旗舰队		882.47	450.87	1321	584	wh3_main_combi_region_zhizhu	wh3_main_combi_province_plains_of_xen	wh3_dlc21_cst_dead_flag_fleet	Zhi-Zhu	cai_region_hint_area_cathay	官方
548	震旦	超凡帝国	申原	海祺	神佑恶党	是	903.18	479.80	1352	622	wh3_main_combi_region_haichai	wh3_main_combi_province_plains_of_xen	wh2_dlc11_def_the_blessed_dread	Haichai	cai_region_hint_area_cathay	官方
549	震旦	超凡帝国	皓月林	昆兰	点心	是	835.71	453.18	1251	587	wh3_main_combi_region_kunlan	wh3_main_combi_province_forests_of_the_moon	wh3_main_grn_dimned_sun	Kunlan	cai_region_hint_area_cathay	官方
550	震旦	超凡帝国	皓月林	星坡	艾辛氏族		801.64	440.46	1200	571	wh3_main_combi_region_xing_po	wh3_main_combi_province_forests_of_the_moon	wh2_main_skv_clan_eshin	Xing Po	cai_region_hint_area_cathay	官方
551	震旦	超凡帝国	皓月林	玉风山	点心		857.75	430.43	1284	558	wh3_main_combi_region_jade_wind_mountain	wh3_main_combi_province_forests_of_the_moon	wh3_main_grn_dimned_sun	Jade Wind Mountain	cai_region_hint_area_cathay	官方
552	震旦	超凡帝国	皓月林	皓月庄	点心		835.71	425.42	1251	551	wh3_main_combi_region_village_of_the_moon	wh3_main_combi_province_forests_of_the_moon	wh3_main_grn_dimned_sun	Village of the Moon	cai_region_hint_area_cathay	官方
553	震旦	超凡帝国	硝硫路	南皋	卫北列省	是	760.22	506.02	1138	656	wh3_main_combi_region_nan_gau	wh3_main_combi_province_gunpowder_road	wh3_main_cth_the_northern_provinces	Nan-Gau	cai_region_hint_area_cathay	官方
554	震旦	超凡帝国	硝硫路	南离	南阳叛王		763.56	483.27	1143	626	wh3_main_combi_region_nan_li	wh3_main_combi_province_gunpowder_road	wh3_main_cth_rebel_lords_of_nan_yang	Nan-Li	cai_region_hint_area_cathay	官方
555	震旦	超凡帝国	红土荒原	赤垒	帝国戍卫	是	879.80	511.81	1317	663	wh3_main_combi_region_red_fortress	wh3_main_combi_province_the_red_wastes	wh3_main_cth_imperial_wardens	Red Fortress	cai_region_hint_area_cathay	官方
556	震旦	超凡帝国	红土荒原	骸骨铸坊	尤萨克		865.10	538.04	1295	697	wh3_main_combi_region_foundry_of_bones	wh3_main_combi_province_the_red_wastes	wh3_dlc20_nor_yusak	Foundry of Bones	cai_region_hint_area_cathay	官方
557	震旦	超凡帝国	缙绅荒原	新武	克里泽氏族		750.20	405.36	1123	525	wh3_main_combi_region_xen_wu	wh3_main_combi_province_wastelands_of_jinshen	wh3_main_skv_clan_krizzor	Xen Wu	cai_region_hint_area_cathay	官方
558	震旦	超凡帝国	缙绅荒原	瀚宇港	缙绅逆臣	是	752.87	381.45	1127	494	wh3_main_combi_region_hanyu_port	wh3_main_combi_province_wastelands_of_jinshen	wh3_main_cth_dissenter_lords_of_jinshen	Hanyu Port	cai_region_hint_area_cathay	官方
559	震旦	超凡帝国	缙绅荒原	羌	卫西列省		742.85	361.01	1112	468	wh3_main_combi_region_qiang	wh3_main_combi_province_wastelands_of_jinshen	wh3_main_cth_the_western_provinces	Qiang	cai_region_hint_area_cathay	官方
560	震旦	超凡帝国	长垣东段	鳌门关	帝国戍卫	是	832.37	512.97	1246	665	wh3_main_combi_region_turtle_gate	wh3_main_combi_province_eastern_great_bastion	wh3_main_cth_imperial_wardens	Turtle Gate	cai_region_hint_area_cathay	官方
561	震旦	超凡帝国	长垣中段	龙门关	帝国戍卫	是	807.65	514.12	1209	666	wh3_main_combi_region_dragon_gate	wh3_main_combi_province_central_great_bastion	wh3_main_cth_imperial_wardens	Dragon Gate	cai_region_hint_area_cathay	官方
562	震旦	超凡帝国	长垣西段	蝰门关	帝国戍卫	是	784.94	513.35	1175	665	wh3_main_combi_region_snake_gate	wh3_main_combi_province_western_great_bastion	wh3_main_cth_imperial_wardens	Snake Gate	cai_region_hint_area_cathay	官方
563	震旦	超凡帝国	震旦腹地	南驿	簇眼部落		855.08	253.01	1280	328	wh3_main_combi_region_southern_outpost	wh3_main_combi_province_cathayan_hinterlands	wh3_dlc26_grn_cluster_eye_tribe	Southern Outpost	cai_region_hint_area_cathay	官方
564	震旦	超凡帝国	震旦腹地	山区隘口	簇眼部落		883.14	258.41	1322	335	wh3_main_combi_region_mountain_pass	wh3_main_combi_province_cathayan_hinterlands	wh3_dlc26_grn_cluster_eye_tribe	Mountain Pass	cai_region_hint_area_cathay	官方
565	震旦	超凡帝国	震旦腹地	库里什之门	簇眼部落	是	839.72	269.60	1257	349	wh3_main_combi_region_gateway_to_khuresh	wh3_main_combi_province_cathayan_hinterlands	wh3_dlc26_grn_cluster_eye_tribe	Gateway to Khuresh	cai_region_hint_area_cathay	官方
566	震旦	超凡帝国	震旦腹地	隐秘望	折磨者		917.21	251.08	1373	325	wh3_main_combi_region_hidden_landing	wh3_main_combi_province_cathayan_hinterlands	wh3_dlc27_sla_the_tormentors	Hidden Landing	cai_region_hint_area_cathay	官方
567	震旦	超凡帝国	黎山	世武	东河诸侯	是	911.87	322.05	1365	417	wh3_main_combi_region_shi_wu	wh3_main_combi_province_mount_li	wh3_main_cth_eastern_river_lords	Shi-Wu	cai_region_hint_area_cathay	官方
568	震旦	超凡帝国	黎山	丽珠	东河诸侯		913.20	362.93	1367	470	wh3_main_combi_region_li_zhu	wh3_main_combi_province_mount_li	wh3_main_cth_eastern_river_lords	Li Zhu	cai_region_hint_area_cathay	官方
569	震旦	超凡帝国	黎山	黎寺	东河诸侯		894.50	346.73	1339	449	wh3_main_combi_region_li_temple	wh3_main_combi_province_mount_li	wh3_main_cth_eastern_river_lords	Li Temple	cai_region_hint_area_cathay	官方
1	帝国（旧世界）	混沌魔域	中部山脉	黄铜要塞		是	169.68	70.97	254	92	wh3_main_chaos_region_brass_keep	wh3_dlc20_chaos_province_middle_mountains		Brass Keep	cai_chaos_region_hint_area_empire	官方
2	帝国（旧世界）	混沌魔域	北方荒原	慰藉要塞	玛丽恩堡		61.46	148.10	92	192	wh3_dlc20_chaos_region_fort_sollace	wh3_dlc20_chaos_province_northern_wasteland	wh_main_emp_marienburg	Fort Solace	cai_chaos_region_hint_area_empire	官方
3	帝国（旧世界）	混沌魔域	北方荒原	破坏者据点	黑暗深渊部落		57.45	189.76	86	246	wh3_dlc20_chaos_region_wreckers_point	wh3_dlc20_chaos_province_northern_wasteland	wh_dlc03_grn_black_pit	Wrecker's Point	cai_chaos_region_hint_area_empire	官方
4	帝国（旧世界）	混沌魔域	北方荒原	黑暗深渊	黑暗深渊部落	是	87.51	140.77	131	182	wh3_dlc20_chaos_region_black_pit	wh3_dlc20_chaos_province_northern_wasteland	wh_dlc03_grn_black_pit	The Black Pit	cai_chaos_region_hint_area_empire	官方
5	帝国（旧世界）	混沌魔域	北部灰色山脉	德拉克费尔斯城堡			31.40	58.24	47	75	wh3_main_chaos_region_castle_drachenfels	wh3_main_chaos_province_northern_grey_mountains		Castle Drachenfels	cai_chaos_region_hint_area_empire	官方
6	帝国（旧世界）	混沌魔域	北部灰色山脉	顽石堡	恶疾氏族	是	21.38	76.37	32	99	wh3_main_chaos_region_grim_duraz	wh3_main_chaos_province_northern_grey_mountains	wh3_main_skv_clan_morbidus	Grim Duraz	cai_chaos_region_hint_area_empire	官方
7	帝国（旧世界）	混沌魔域	北部灰色山脉	黑石塔	卡拉克·微风堡		45.43	37.80	68	49	wh3_main_chaos_region_blackstone_tower	wh3_main_chaos_province_northern_grey_mountains	wh_main_dwf_karak_ziflin	Blackstone Tower	cai_chaos_region_hint_area_empire	官方
8	帝国（旧世界）	混沌魔域	南部灰色山脉	卡拉克·微风堡	卡拉克·微风堡	是	64.80	23.53	97	30	wh3_main_chaos_region_karak_ziflin	wh3_main_chaos_province_southern_grey_mountains	wh_main_dwf_karak_ziflin	Karak Ziflin	cai_chaos_region_hint_area_empire	官方
9	帝国（旧世界）	混沌魔域	南部灰色山脉	卡拉克·无畏堡	卡拉克·微风堡		83.50	15.81	125	20	wh3_main_chaos_region_karak_azgaraz	wh3_main_chaos_province_southern_grey_mountains	wh_main_dwf_karak_ziflin	Karak Azgaraz	cai_chaos_region_hint_area_empire	官方
10	帝国（旧世界）	混沌魔域	南部灰色山脉	脆骨村	大胃信徒		102.88	17.74	154	23	wh3_main_chaos_region_gristle_valley	wh3_main_chaos_province_southern_grey_mountains	wh3_main_ogr_disciples_of_the_maw	Gristle Valley	cai_chaos_region_hint_area_empire	官方
11	帝国（旧世界）	混沌魔域	哥隆尼边地	唐克雷德城堡	哥隆尼边地	是	32.73	156.20	49	202	wh3_dlc20_chaos_region_tancred_castle	wh3_dlc20_chaos_province_marches_of_couronne	wh3_dlc20_brt_march_of_couronne	Tancred Castle	cai_chaos_region_hint_area_empire	官方
12	帝国（旧世界）	混沌魔域	哥隆尼边地	尚蒂永	哥隆尼边地		22.71	195.93	34	254	wh3_dlc20_chaos_region_chantillon	wh3_dlc20_chaos_province_marches_of_couronne	wh3_dlc20_brt_march_of_couronne	Chantillon	cai_chaos_region_hint_area_empire	官方
13	帝国（旧世界）	混沌魔域	哥隆尼边地	金特矿山	碎颅者		11.36	131.52	17	170	wh3_dlc20_chaos_region_grung_zint	wh3_dlc20_chaos_province_marches_of_couronne	wh_main_grn_skullsmasherz	Grung Zint	cai_chaos_region_hint_area_empire	官方
14	帝国（旧世界）	混沌魔域	塔拉贝克领	塔拉贝海姆	飨宴	是	217.78	36.25	326	47	wh3_main_chaos_region_talabheim	wh3_main_chaos_province_talabecland	wh3_main_ogr_feastmaster	Talabheim	cai_chaos_region_hint_area_empire	官方
15	帝国（旧世界）	混沌魔域	塔拉贝克领	屈塞尔	瓦尔登霍夫		245.83	50.14	368	65	wh3_main_chaos_region_kusel	wh3_main_chaos_province_talabecland	wh_main_vmp_waldenhof	Küsel	cai_chaos_region_hint_area_empire	官方
16	帝国（旧世界）	混沌魔域	奥斯特领	乌尔岑	奥斯特领		250.51	75.98	375	98	wh3_main_chaos_region_wurzen	wh3_main_chaos_province_ostland	wh_main_emp_ostland	Wurzen	cai_chaos_region_hint_area_empire	官方
17	帝国（旧世界）	混沌魔域	奥斯特领	博森菲尔斯	奥斯特领		213.77	93.34	320	121	wh3_main_chaos_region_bohsenfels	wh3_main_chaos_province_ostland	wh_main_emp_ostland	Bohsenfels	cai_chaos_region_hint_area_empire	官方
18	帝国（旧世界）	混沌魔域	奥斯特领	沃尔芬堡	奥斯特领	是	209.09	72.12	313	93	wh3_main_chaos_region_wolfenburg	wh3_main_chaos_province_ostland	wh_main_emp_ostland	Wolfenburg	cai_chaos_region_hint_area_empire	官方
19	帝国（旧世界）	混沌魔域	奥斯特马克	奥斯特瓦尔德	奥斯特马克		333.34	67.49	499	87	wh3_main_chaos_region_osterwald	wh3_main_chaos_province_ostermark	wh_main_emp_ostermark	Osterwald	cai_chaos_region_hint_area_empire	官方
20	帝国（旧世界）	混沌魔域	奥斯特马克	弗滕霍夫	奥斯特马克		313.30	77.52	469	100	wh3_main_chaos_region_fortenhof	wh3_main_chaos_province_ostermark	wh_main_emp_ostermark	Fortenhof	cai_chaos_region_hint_area_empire	官方
21	帝国（旧世界）	混沌魔域	奥斯特马克	贝克港	奥斯特马克	是	270.55	60.55	405	78	wh3_main_chaos_region_bechafen	wh3_main_chaos_province_ostermark	wh_main_emp_ostermark	Bechafen	cai_chaos_region_hint_area_empire	官方
22	帝国（旧世界）	混沌魔域	奥比恩	新地领	诺德领		26.72	229.10	40	297	wh3_dlc20_chaos_region_neuland	wh3_dlc20_chaos_province_albion	wh_main_emp_nordland	Neuland	cai_chaos_region_hint_area_empire	官方
23	帝国（旧世界）	混沌魔域	奥比恩	罗斯特林克森地域	瓦纳海姆林		22.71	266.89	34	346	wh3_dlc20_chaos_region_losteriksons_landing	wh3_dlc20_chaos_province_albion	wh_dlc08_nor_vanaheimlings	Losterikson's Landing	cai_chaos_region_hint_area_empire	官方
24	帝国（旧世界）	混沌魔域	奥比恩	铅堡	瓦纳海姆林	是	12.69	248.77	19	322	wh3_dlc20_chaos_region_citadel_of_lead	wh3_dlc20_chaos_province_albion	wh_dlc08_nor_vanaheimlings	Citadel of Lead	cai_chaos_region_hint_area_empire	官方
25	帝国（旧世界）	混沌魔域	威森领	努恩	威森领与努恩	是	225.79	18.51	338	24	wh3_main_chaos_region_nuln	wh3_main_chaos_province_wissenland	wh_main_emp_wissenland	Nuln	cai_chaos_region_hint_area_empire	官方
26	帝国（旧世界）	混沌魔域	威森领	格里森瓦尔德	飨宴		191.05	21.60	286	28	wh3_main_chaos_region_grissenwald	wh3_main_chaos_province_wissenland	wh3_main_ogr_feastmaster	Grissenwald	cai_chaos_region_hint_area_empire	官方
27	帝国（旧世界）	混沌魔域	巫女之林	劳伦洛伦森林	劳伦洛伦	是	88.18	120.33	132	156	wh3_main_chaos_region_laurelorn_forest	wh3_main_chaos_province_the_witchs_wood	wh3_main_wef_laurelorn	Laurelorn Forest	cai_chaos_region_hint_area_empire	官方
28	帝国（旧世界）	混沌魔域	希尔瓦尼亚	柯尼施泰因塔	邓肯霍夫秘会		311.30	25.46	466	33	wh3_main_chaos_region_konigstein_tower	wh3_main_chaos_province_sylvania	wh_main_vmp_vampire_counts	Konigstein Tower	cai_chaos_region_hint_area_empire	官方
29	帝国（旧世界）	混沌魔域	希尔瓦尼亚	瓦尔登霍夫	瓦尔登霍夫		308.63	47.05	462	61	wh3_main_chaos_region_waldenhof	wh3_main_chaos_province_sylvania	wh_main_vmp_waldenhof	Waldenhof	cai_chaos_region_hint_area_empire	官方
30	帝国（旧世界）	混沌魔域	希尔瓦尼亚	邓肯霍夫城堡	邓肯霍夫秘会	是	340.02	35.87	509	46	wh3_main_chaos_region_castle_drakenhof	wh3_main_chaos_province_sylvania	wh_main_vmp_vampire_counts	Castle Drakenhof	cai_chaos_region_hint_area_empire	官方
31	帝国（旧世界）	混沌魔域	斯提尔领	乌特巴德	斯提尔领	是	273.22	25.07	409	32	wh3_main_chaos_region_wurtbad	wh3_main_chaos_province_stirland	wh_main_emp_stirland	Wurtbad	cai_chaos_region_hint_area_empire	官方
32	帝国（旧世界）	混沌魔域	斯提尔领	齐格弗里德霍夫	瓦尔登霍夫		276.56	40.11	414	52	wh3_main_chaos_region_siegfriedhof	wh3_main_chaos_province_stirland	wh_main_vmp_waldenhof	Siegfriedhof	cai_chaos_region_hint_area_empire	官方
33	帝国（旧世界）	混沌魔域	瑞克领	乌博瑞克	瑞克领		164.33	16.97	246	22	wh3_main_chaos_region_ubersreik	wh3_main_chaos_province_reikland	wh_main_emp_empire	Ubersreik	cai_chaos_region_hint_area_empire	官方
34	帝国（旧世界）	混沌魔域	瑞克领	艾尔哈特	瑞克领		88.18	28.54	132	37	wh3_main_chaos_region_eilhart	wh3_main_chaos_province_reikland	wh_main_emp_empire	Eilhart	cai_chaos_region_hint_area_empire	官方
35	帝国（旧世界）	混沌魔域	瑞克领	阿尔道夫	瑞克领	是	134.27	32.01	201	41	wh3_main_chaos_region_altdorf	wh3_main_chaos_province_reikland	wh_main_emp_empire	Altdorf	cai_chaos_region_hint_area_empire	官方
36	帝国（旧世界）	混沌魔域	米登领	德尔伯兹	米登领		108.89	46.67	163	60	wh3_main_chaos_region_delberz	wh3_main_chaos_province_middenland	wh_main_emp_middenland	Delberz	cai_chaos_region_hint_area_empire	官方
37	帝国（旧世界）	混沌魔域	米登领	米登海姆	米登领	是	116.24	67.88	174	88	wh3_main_chaos_region_middenheim	wh3_main_chaos_province_middenland	wh_main_emp_middenland	Middenheim	cai_chaos_region_hint_area_empire	官方
38	帝国（旧世界）	混沌魔域	米登领	罗舍	米登领		87.51	70.58	131	91	wh3_main_chaos_region_rosche	wh3_main_chaos_province_middenland	wh_main_emp_middenland	Rosche	cai_chaos_region_hint_area_empire	官方
39	帝国（旧世界）	混沌魔域	诺德领	塞森蒙德	诺德领	是	118.24	111.46	177	144	wh3_main_chaos_region_salzenmund	wh3_main_chaos_province_nordland	wh_main_emp_nordland	Salzenmund	cai_chaos_region_hint_area_empire	官方
40	帝国（旧世界）	混沌魔域	诺德领	诺登	诺德领		144.96	116.86	217	151	wh3_main_chaos_region_norden	wh3_main_chaos_province_nordland	wh_main_emp_nordland	Norden	cai_chaos_region_hint_area_empire	官方
41	帝国（旧世界）	混沌魔域	诺德领	迪特斯港	黑暗深渊部落		118.91	137.30	178	178	wh3_main_chaos_region_dietershafen	wh3_main_chaos_province_nordland	wh_dlc03_grn_black_pit	Dietershafen	cai_chaos_region_hint_area_empire	官方
42	帝国（旧世界）	混沌魔域	霍克领	克鲁登瓦尔德	霍克领		160.99	59.78	241	77	wh3_main_chaos_region_krudenwald	wh3_main_chaos_province_hochland	wh_main_emp_hochland	Krudenwald	cai_chaos_region_hint_area_empire	官方
43	帝国（旧世界）	混沌魔域	霍克领	赫吉格	霍克领	是	207.75	42.81	311	55	wh3_main_chaos_region_hergig	wh3_main_chaos_province_hochland	wh_main_emp_hochland	Hergig	cai_chaos_region_hint_area_empire	官方
44	帝国（旧世界）	混沌魔域	韦斯特领	博戈波要塞	玛丽恩堡		48.77	54.38	73	70	wh3_main_chaos_region_fort_bergbres	wh3_main_chaos_province_the_wasteland	wh_main_emp_marienburg	Fort Bergbres	cai_chaos_region_hint_area_empire	官方
45	帝国（旧世界）	混沌魔域	韦斯特领	玛丽恩堡	玛丽恩堡	是	52.77	91.41	79	118	wh3_main_chaos_region_marienburg	wh3_main_chaos_province_the_wasteland	wh_main_emp_marienburg	Marienburg	cai_chaos_region_hint_area_empire	官方
46	帝国（旧世界）	混沌魔域	韦斯特领	裤水村	玛丽恩堡		34.07	124.58	51	161	wh3_main_chaos_region_broekwater	wh3_main_chaos_province_the_wasteland	wh_main_emp_marienburg	Broekwater	cai_chaos_region_hint_area_empire	官方
47	帝国（旧世界）	混沌魔域	韦斯特领	霍瑟尔	玛丽恩堡		64.13	115.70	96	150	wh3_main_chaos_region_gorssel	wh3_main_chaos_province_the_wasteland	wh_main_emp_marienburg	Gorssel	cai_chaos_region_hint_area_empire	官方
48	诺斯卡	混沌魔域	冰牙山脉	冰龙峡湾	斯凯林		54.78	272.29	82	353	wh3_main_chaos_region_icedrake_fjord	wh3_main_chaos_province_ice_tooth_mountains	wh_main_nor_skaeling	Icedrake Fjord	cai_chaos_region_hint_area_norsca	官方
49	诺斯卡	混沌魔域	冰牙山脉	利刃湾	诺德领		94.86	216.75	142	281	wh3_main_chaos_region_bay_of_blades	wh3_main_chaos_province_ice_tooth_mountains	wh_main_emp_nordland	Bay of Blades	cai_chaos_region_hint_area_norsca	官方
50	诺斯卡	混沌魔域	冰牙山脉	末日堡		是	120.24	246.07	180	319	wh3_main_chaos_region_doomkeep	wh3_main_chaos_province_ice_tooth_mountains		Doomkeep	cai_chaos_region_hint_area_norsca	官方
51	诺斯卡	混沌魔域	冰牙山脉	长船墓场	斯凯林		72.15	244.52	108	317	wh3_main_chaos_region_longship_graveyard	wh3_main_chaos_province_ice_tooth_mountains	wh_main_nor_skaeling	Longship Graveyard	cai_chaos_region_hint_area_norsca	官方
52	诺斯卡	混沌魔域	地狱山脉	冬炬山	艾斯林		229.80	205.95	344	267	wh3_main_chaos_region_winter_pyre	wh3_main_chaos_province_mountains_of_hel	wh_main_nor_aesling	Winter Pyre	cai_chaos_region_hint_area_norsca	官方
53	诺斯卡	混沌魔域	地狱山脉	禁忌城堡	艾斯林	是	182.37	236.42	273	306	wh3_main_chaos_region_the_forbidden_citadel	wh3_main_chaos_province_mountains_of_hel	wh_main_nor_aesling	The Forbidden Citadel	cai_chaos_region_hint_area_norsca	官方
54	诺斯卡	混沌魔域	地狱山脉	邪卵祭坛	暗毒		156.99	267.28	235	346	wh3_main_chaos_region_altar_of_spawns	wh3_main_chaos_province_mountains_of_hel	wh_main_grn_black_venom	Altar of Spawns	cai_chaos_region_hint_area_norsca	官方
55	诺斯卡	混沌魔域	地狱顶峰山脉	卡坦巨岩	瓦格		88.85	278.85	133	361	wh3_main_chaos_region_the_monolith_of_katam	wh3_main_chaos_province_helspire_mountains	wh_main_nor_varg	The Monolith of Katam	cai_chaos_region_hint_area_norsca	官方
56	诺斯卡	混沌魔域	地狱顶峰山脉	污秽要塞	瓦格	是	79.49	301.99	119	391	wh3_main_chaos_region_foul_fortress	wh3_main_chaos_province_helspire_mountains	wh_main_nor_varg	Foul Fortress	cai_chaos_region_hint_area_norsca	官方
57	诺斯卡	混沌魔域	地狱顶峰山脉	盖尔林集会场	瓦格		120.91	288.88	181	374	wh3_main_chaos_region_graeling_moot	wh3_main_chaos_province_helspire_mountains	wh_main_nor_varg	Graeling Moot	cai_chaos_region_hint_area_norsca	官方
58	诺斯卡	混沌魔域	巨人之乡山脉	卡拉卡·巨峰山	创新大师		275.22	202.10	412	262	wh3_main_chaos_region_kraka_dorden	wh3_main_chaos_province_gianthome_mountains	wh3_dlc25_dwf_malakai	Kraka Dorden	cai_chaos_region_hint_area_norsca	官方
59	诺斯卡	混沌魔域	巨人之乡山脉	独龙城	创新大师	是	306.62	194.77	459	252	wh3_main_chaos_region_kraka_drak	wh3_main_chaos_province_gianthome_mountains	wh3_dlc25_dwf_malakai	Kraka Drak	cai_chaos_region_hint_area_norsca	官方
60	诺斯卡	混沌魔域	巨魔山脉	克拉克之塔	萨利		187.71	209.43	281	271	wh3_main_chaos_region_the_tower_of_khrakk	wh3_main_chaos_province_trollheim_mountains	wh_main_nor_sarl	The Tower of Khrakk	cai_chaos_region_hint_area_norsca	官方
61	诺斯卡	混沌魔域	巨魔山脉	巨魔国王巢穴	冬牙		213.77	182.04	320	236	wh3_main_chaos_region_fort_straghov	wh3_main_chaos_province_trollheim_mountains	wh_dlc08_nor_wintertooth	Lair of the Troll King	cai_chaos_region_hint_area_norsca	官方
62	诺斯卡	混沌魔域	巨魔山脉	腥红收割祭坛	萨利	是	124.25	209.81	186	272	wh3_main_chaos_region_altar_of_the_crimson_harvest	wh3_main_chaos_province_trollheim_mountains	wh_main_nor_sarl	Altar of the Crimson Harvest	cai_chaos_region_hint_area_norsca	官方
63	诺斯卡	混沌魔域	巨魔山脉	黑色峡谷	螨疮氏族		152.98	231.80	229	300	wh3_main_chaos_region_black_gulch	wh3_main_chaos_province_trollheim_mountains	wh2_dlc12_skv_clan_mange	Black Gulch	cai_chaos_region_hint_area_norsca	官方
64	诺斯卡	混沌魔域	戈罗迈德尼	寒临滩	戈罗迈德尼部落	是	388.12	216.37	581	280	wh3_main_chaos_region_frozen_landing	wh3_main_chaos_province_the_goromadny	wh_dlc08_nor_goromadny_tribe	Frozen Landing	cai_chaos_region_hint_area_norsca	官方
65	诺斯卡	混沌魔域	戈罗迈德尼	斯乔特拉肯	贝尔索林		350.04	194.38	524	252	wh3_main_chaos_region_sjoktraken	wh3_main_chaos_province_the_goromadny	wh_main_nor_baersonling	Sjoktraken	cai_chaos_region_hint_area_norsca	官方
66	诺斯卡	混沌魔域	戈罗迈德尼	海姆克尔神庙	戈罗迈德尼部落		434.21	195.93	650	254	wh3_main_chaos_region_temple_of_heimkel	wh3_main_chaos_province_the_goromadny	wh_dlc08_nor_goromadny_tribe	Temple of Heimkel	cai_chaos_region_hint_area_norsca	官方
67	诺斯卡	混沌魔域	瓦纳海姆山脉	冰湖湾	比约林		32.73	312.79	49	405	wh3_main_chaos_region_pack_ice_bay	wh3_main_chaos_province_vanaheim_mountains	wh_main_nor_bjornling	Pack Ice Bay	cai_chaos_region_hint_area_norsca	官方
68	诺斯卡	混沌魔域	瓦纳海姆山脉	巨魔峡湾	比约林	是	26.72	365.63	40	474	wh3_main_chaos_region_troll_fjord	wh3_main_chaos_province_vanaheim_mountains	wh_main_nor_bjornling	Troll Fjord	cai_chaos_region_hint_area_norsca	官方
69	诺斯卡	混沌魔域	瓦纳海姆山脉	蛇堤	比约林		73.48	329.37	110	427	wh3_main_chaos_region_serpent_jetty	wh3_main_chaos_province_vanaheim_mountains	wh_main_nor_bjornling	Serpent Jetty	cai_chaos_region_hint_area_norsca	官方
70	基斯里夫	混沌魔域	东方州	嘉科瓦要塞	罗普思曼氏族		358.06	98.73	536	128	wh3_main_chaos_region_fort_jakova	wh3_main_chaos_province_eastern_oblast	wh3_main_ksl_ropsmenn_clan	Fort Jakova	cai_chaos_region_hint_area_kislev	官方
71	基斯里夫	混沌魔域	东方州	格斯列夫	多尔甘		311.97	96.81	467	125	wh3_main_chaos_region_gerslev	wh3_main_chaos_province_eastern_oblast	wh3_dlc20_nor_dolgan	Gerslev	cai_chaos_region_hint_area_kislev	官方
72	基斯里夫	混沌魔域	东方州	沃斯格勒	罗普思曼氏族	是	318.65	129.20	477	167	wh3_main_chaos_region_volksgrad	wh3_main_chaos_province_eastern_oblast	wh3_main_ksl_ropsmenn_clan	Volksgrad	cai_chaos_region_hint_area_kislev	官方
73	基斯里夫	混沌魔域	东方州	艾格尔	罗普思曼氏族		332.67	105.68	498	137	wh3_main_chaos_region_igerov	wh3_main_chaos_province_eastern_oblast	wh3_main_ksl_ropsmenn_clan	Igerov	cai_chaos_region_hint_area_kislev	官方
74	基斯里夫	混沌魔域	乌斯科河	基斯里夫	冰雪王廷	是	277.90	96.42	416	125	wh3_main_chaos_region_kislev	wh3_main_chaos_province_river_urskoy	wh3_main_ksl_the_ice_court	Kislev	cai_chaos_region_hint_area_kislev	官方
75	基斯里夫	混沌魔域	北方州	佐申克	飞地近卫军	是	191.05	130.36	286	169	wh3_main_chaos_region_zoishenk	wh3_main_chaos_province_northern_oblast	wh3_main_ksl_druzhina_enclave	Zoishenk	cai_chaos_region_hint_area_kislev	官方
76	基斯里夫	混沌魔域	北方州	博尔加斯格勒	飞地近卫军		255.85	112.23	383	145	wh3_main_chaos_region_bolgasgrad	wh3_main_chaos_province_northern_oblast	wh3_main_ksl_druzhina_enclave	Bolgasgrad	cai_chaos_region_hint_area_kislev	官方
77	基斯里夫	混沌魔域	北方州	奥斯卓斯克要塞	飞地近卫军		219.78	140.77	329	182	wh3_main_chaos_region_fort_ostrosk	wh3_main_chaos_province_northern_oblast	wh3_main_ksl_druzhina_enclave	Fort Ostrosk	cai_chaos_region_hint_area_kislev	官方
78	基斯里夫	混沌魔域	北方州	达沙卡	飞地近卫军		243.83	129.98	365	168	wh3_main_chaos_region_dushyka	wh3_main_chaos_province_northern_oblast	wh3_main_ksl_druzhina_enclave	Dushyka	cai_chaos_region_hint_area_kislev	官方
79	基斯里夫	混沌魔域	受诅之城	普拉格	罗普思曼氏族	是	276.56	136.53	414	177	wh3_main_chaos_region_praag	wh3_main_chaos_province_the_cursed_city	wh3_main_ksl_ropsmenn_clan	Praag	cai_chaos_region_hint_area_kislev	官方
80	基斯里夫	混沌魔域	巨魔国度	亚历山德罗诺夫城堡	大正教会	是	150.30	150.80	225	195	wh3_main_chaos_region_castle_alexandronov	wh3_main_chaos_province_troll_country	wh3_main_ksl_the_great_orthodoxy	Castle Alexandronov	cai_chaos_region_hint_area_kislev	官方
81	基斯里夫	混沌魔域	巨魔国度	勒布利亚	乌果尔族裔		183.71	157.74	275	204	wh3_main_chaos_region_leblya	wh3_main_chaos_province_troll_country	wh3_main_ksl_ungol_kindred	Leblya	cai_chaos_region_hint_area_kislev	官方
82	基斯里夫	混沌魔域	巨魔国度	扎申	乌果尔族裔		205.75	165.07	308	214	wh3_main_chaos_region_dhazhyn	wh3_main_chaos_province_troll_country	wh3_main_ksl_ungol_kindred	Dhazhyn	cai_chaos_region_hint_area_kislev	官方
83	基斯里夫	混沌魔域	林斯克河	厄伦格勒	飞地近卫军	是	173.02	107.61	259	139	wh3_main_chaos_region_erengrad	wh3_main_chaos_province_river_lynsk	wh3_main_ksl_druzhina_enclave	Erengrad	cai_chaos_region_hint_area_kislev	官方
84	基斯里夫	混沌魔域	达赫里斯森林	塞普奇	贝尔索林		330.67	163.14	495	211	wh3_main_chaos_region_sepukzy	wh3_main_chaos_province_dukhlys_forest	wh_main_nor_baersonling	Sepukzy	cai_chaos_region_hint_area_kislev	官方
85	基斯里夫	混沌魔域	达赫里斯森林	普列斯克	战熊兄弟会		354.05	137.30	530	178	wh3_main_chaos_region_plesk	wh3_main_chaos_province_dukhlys_forest	wh3_main_ksl_brotherhood_of_the_bear	Plesk	cai_chaos_region_hint_area_kislev	官方
86	基斯里夫	混沌魔域	达赫里斯森林	耶奇奇	贝尔索林		307.96	162.37	461	210	wh3_main_chaos_region_yetchitch	wh3_main_chaos_province_dukhlys_forest	wh_main_nor_baersonling	Yetchitch	cai_chaos_region_hint_area_kislev	官方
87	基斯里夫	混沌魔域	达赫里斯森林	诺杵兹	贝尔索林	是	360.73	162.76	540	211	wh3_main_chaos_region_novchozy	wh3_main_chaos_province_dukhlys_forest	wh_main_nor_baersonling	Novchozy	cai_chaos_region_hint_area_kislev	官方
88	基斯里夫	混沌魔域	黑血隘口	地狱深坑	腐坏氏族	是	246.50	156.20	369	202	wh3_main_chaos_region_hell_pit	wh3_main_chaos_province_black_blood_pass	wh2_main_skv_clan_moulder	Hell Pit	cai_chaos_region_hint_area_kislev	官方
89	矮人帝国（世界边缘山脉）	混沌魔域	世界边缘山脉	千柱石厅	赤目		406.16	118.02	608	153	wh3_main_chaos_region_khazid_irkulaz	wh3_main_chaos_province_worlds_edge_mountains	wh_main_grn_red_eye	Khazid Irkulaz	cai_chaos_region_hint_area_dwarf_empire	官方
90	矮人帝国（世界边缘山脉）	混沌魔域	世界边缘山脉	卡拉克·红眼山	赤目		381.44	119.18	571	154	wh3_main_chaos_region_karak_ungor	wh3_main_chaos_province_worlds_edge_mountains	wh_main_grn_red_eye	Karak Ungor	cai_chaos_region_hint_area_dwarf_empire	官方
91	矮人帝国（世界边缘山脉）	混沌魔域	世界边缘山脉	白银尖顶	莱弥亚姐妹会	是	435.55	121.88	652	158	wh3_main_chaos_region_the_silver_pinnacle	wh3_main_chaos_province_worlds_edge_mountains	wh3_main_vmp_lahmian_sisterhood	The Silver Pinnacle	cai_chaos_region_hint_area_dwarf_empire	官方
92	矮人帝国（世界边缘山脉）	混沌魔域	呼啸荒原	前哨站	扎尔杜克霸主		597.88	129.20	895	167	wh3_main_chaos_region_the_sentinels	wh3_main_chaos_province_the_howling_wastes	wh3_dlc23_chd_minor_faction	The Sentinels	cai_chaos_region_hint_area_dwarf_empire	官方
93	矮人帝国（世界边缘山脉）	混沌魔域	呼啸荒原	奔兽之塔	扎尔杜克霸主	是	542.43	80.22	812	104	wh3_main_chaos_region_the_tower_of_gorgoth	wh3_main_chaos_province_the_howling_wastes	wh3_dlc23_chd_minor_faction	The Tower of Gorgoth	cai_chaos_region_hint_area_dwarf_empire	官方
94	矮人帝国（世界边缘山脉）	混沌魔域	呼啸荒原	奔兽矿场	扎尔杜克霸主		584.52	96.03	875	124	wh3_main_chaos_region_mines_of_gorgoth	wh3_main_chaos_province_the_howling_wastes	wh3_dlc23_chd_minor_faction	Mines of Gorgoth	cai_chaos_region_hint_area_dwarf_empire	官方
95	矮人帝国（世界边缘山脉）	混沌魔域	孬不拉国度	剥皮岩	阿佐格军团		645.98	152.34	967	197	wh3_dlc23_chaos_region_flayed_rock	wh3_dlc23_chaos_province_gnoblar_country	wh3_dlc23_chd_legion_of_azgorh	Flayed Rock	cai_chaos_region_hint_area_dwarf_empire	官方
96	矮人帝国（世界边缘山脉）	混沌魔域	孬不拉国度	废料塔	雷肠		693.41	142.70	1038	185	wh3_main_chaos_region_skrap_towers	wh3_dlc23_chaos_province_gnoblar_country	wh3_main_ogr_thunderguts	Skrap Towers	cai_chaos_region_hint_area_dwarf_empire	官方
97	矮人帝国（世界边缘山脉）	混沌魔域	孬不拉国度	碎石湾	雷肠		660.01	101.82	988	132	wh3_main_chaos_region_shattered_stone_bay	wh3_dlc23_chaos_province_gnoblar_country	wh3_main_ogr_thunderguts	Shattered Stone Bay	cai_chaos_region_hint_area_dwarf_empire	官方
98	矮人帝国（世界边缘山脉）	混沌魔域	孬不拉国度	黑色要塞	阿佐格军团	是	636.62	132.29	953	171	wh3_main_chaos_region_black_fortress	wh3_dlc23_chaos_province_gnoblar_country	wh3_dlc23_chd_legion_of_azgorh	Black Fortress	cai_chaos_region_hint_area_dwarf_empire	官方
99	矮人帝国（世界边缘山脉）	混沌魔域	尖峰隘口	卡拉克·卡德林	卡拉克·卡德林	是	377.43	70.58	565	91	wh3_main_chaos_region_karak_kadrin	wh3_main_chaos_province_peak_pass	wh_main_dwf_karak_kadrin	Karak Kadrin	cai_chaos_region_hint_area_dwarf_empire	官方
100	矮人帝国（世界边缘山脉）	混沌魔域	尖峰隘口	卡拉克·拉泽亚克	赤目		412.17	72.12	617	93	wh3_main_chaos_region_karak_raziak	wh3_main_chaos_province_peak_pass	wh_main_grn_red_eye	Karak Raziak	cai_chaos_region_hint_area_dwarf_empire	官方
101	矮人帝国（世界边缘山脉）	混沌魔域	尖峰隘口	纳施拉克巢穴	赤目		444.90	84.08	666	109	wh3_main_chaos_region_gnashraks_lair	wh3_main_chaos_province_peak_pass	wh_main_grn_red_eye	Gnashrak's Lair	cai_chaos_region_hint_area_dwarf_empire	官方
102	矮人帝国（世界边缘山脉）	混沌魔域	巨龙群岛	龙牙山	泰波克之种	是	719.46	61.32	1077	79	wh3_main_chaos_region_dragon_fang_mount	wh3_dlc23_chaos_province_dragon_isles	wh3_main_lzd_tepoks_spawn	Dragon Fang Mount		就近推定
103	矮人帝国（世界边缘山脉）	混沌魔域	扎尔平原	恶魔桩	秘会侍仆		579.84	167.39	868	217	wh3_main_chaos_region_the_daemons_stump	wh3_main_chaos_province_the_plain_of_zharr	wh3_dlc23_chd_conclave	The Daemon's Stump	cai_chaos_region_hint_area_dwarf_empire	官方
104	矮人帝国（世界边缘山脉）	混沌魔域	扎尔平原	扎尔·纳格隆德	秘会侍仆	是	544.44	170.09	815	220	wh3_main_chaos_region_zharr_naggrund	wh3_main_chaos_province_the_plain_of_zharr	wh3_dlc23_chd_conclave	Zharr-Naggrund	cai_chaos_region_hint_area_dwarf_empire	官方
105	矮人帝国（世界边缘山脉）	混沌魔域	扎尔平原	迦什·卡德拉克	秘会侍仆		547.78	190.53	820	247	wh3_dlc23_chaos_region_gash_kadrak	wh3_main_chaos_province_the_plain_of_zharr	wh3_dlc23_chd_conclave	Gash Kadrak	cai_chaos_region_hint_area_dwarf_empire	官方
106	矮人帝国（世界边缘山脉）	混沌魔域	狼野	悲痛塔	月嚎部落		600.55	87.55	899	113	wh3_main_chaos_region_tower_of_grief	wh3_main_chaos_province_the_wolf_lands	wh3_main_grn_moon_howlerz	Tower of Grief	cai_chaos_region_hint_area_dwarf_empire	官方
107	矮人帝国（世界边缘山脉）	混沌魔域	狼野	灰魔女山	咧嘴氏族		567.15	63.64	849	82	wh3_main_chaos_region_mount_grey_hag	wh3_main_chaos_province_the_wolf_lands	wh2_dlc09_skv_clan_rictus	Mount Grey Hag	cai_chaos_region_hint_area_dwarf_empire	官方
108	矮人帝国（世界边缘山脉）	混沌魔域	狼野	驼背山	咧嘴氏族	是	527.74	34.71	790	45	wh3_main_chaos_region_crookback_mountain	wh3_main_chaos_province_the_wolf_lands	wh2_dlc09_skv_clan_rictus	Crookback Mountain	cai_chaos_region_hint_area_dwarf_empire	官方
109	矮人帝国（世界边缘山脉）	混沌魔域	白银之路	刚巴德峰	血牙部落		466.95	69.04	699	89	wh3_main_chaos_region_mount_gunbad	wh3_dlc23_chaos_province_silver_road	wh3_main_grn_drippin_fangs	Mount Gunbad		就近推定
110	矮人帝国（世界边缘山脉）	混沌魔域	白银之路	死岩裂口	卡拉克·铁峰堡		441.56	45.90	661	59	wh3_dlc23_chaos_region_deadrock_gap	wh3_dlc23_chaos_province_silver_road	wh_main_dwf_karak_azul	Deadrock Gap		就近推定
111	矮人帝国（世界边缘山脉）	混沌魔域	白银之路	葛朗尼石厅	卡拉克·铁峰堡	是	460.27	13.50	689	17	wh3_dlc23_chaos_region_pillars_of_grungni	wh3_dlc23_chaos_province_silver_road	wh_main_dwf_karak_azul	Pillars of Grungni		就近推定
112	矮人帝国（世界边缘山脉）	混沌魔域	白银之路	银矛山	卡拉克·铁峰堡		488.32	53.61	731	69	wh3_main_chaos_region_mount_grimfang	wh3_dlc23_chaos_province_silver_road	wh_main_dwf_karak_azul	Mount Silverspear		就近推定
113	矮人帝国（世界边缘山脉）	混沌魔域	诅咒荒原	呼啸岩	血牙部落		508.36	106.83	761	138	wh3_main_chaos_region_howling_rock	wh3_main_chaos_province_the_blasted_wastes	wh3_main_grn_drippin_fangs	Howling Rock	cai_chaos_region_hint_area_dwarf_empire	官方
114	矮人帝国（世界边缘山脉）	混沌魔域	诅咒荒原	扎尔之门	扎尔战团	是	543.10	118.40	813	153	wh3_main_chaos_region_the_gates_of_zharr	wh3_main_chaos_province_the_blasted_wastes	wh3_dlc23_chd_zhatan	The Gates of Zharr	cai_chaos_region_hint_area_dwarf_empire	官方
115	矮人帝国（世界边缘山脉）	混沌魔域	诅咒荒原	邓肯穆尔荒原	血牙部落		481.64	112.23	721	145	wh3_dlc23_chaos_region_desolation_of_drakenmoor	wh3_main_chaos_province_the_blasted_wastes	wh3_main_grn_drippin_fangs	Desolation of Drakenmoor	cai_chaos_region_hint_area_dwarf_empire	官方
116	矮人帝国（世界边缘山脉）	混沌魔域	闹鬼森林	闹鬼森林	蓝玫瑰车队	是	722.80	144.25	1082	187	wh3_dlc23_chaos_region_the_haunted_forest	wh3_main_chaos_province_the_haunted_forest	wh3_main_vmp_caravan_of_blue_roses	The Haunted Forest	cai_chaos_region_hint_area_dwarf_empire	官方
117	矮人帝国（世界边缘山脉）	混沌魔域	骸骨平原	沃拉格要塞	卡勒多骑士	是	607.23	38.95	909	50	wh3_main_chaos_region_the_fortress_of_vorag	wh3_dlc23_chaos_province_the_plain_of_bones	wh2_dlc15_hef_imrik	The Fortress of Vorag	cai_chaos_region_hint_area_dwarf_empire	官方
118	矮人帝国（世界边缘山脉）	混沌魔域	骸骨平原	猪倌镇	月嚎部落		629.94	69.81	943	90	wh3_main_chaos_region_pigbarter	wh3_dlc23_chaos_province_the_plain_of_bones	wh3_main_grn_moon_howlerz	Pigbarter	cai_chaos_region_hint_area_dwarf_empire	官方
119	矮人帝国（世界边缘山脉）	混沌魔域	骸骨平原	阿努雷尔之墓	卡勒多骑士		577.17	15.43	864	20	wh3_dlc23_chaos_region_anurells_tomb	wh3_dlc23_chaos_province_the_plain_of_bones	wh2_dlc15_hef_imrik	Anurell's Tomb	cai_chaos_region_hint_area_dwarf_empire	官方
120	矮人帝国（世界边缘山脉）	混沌魔域	骸骨平原	黑堡	月嚎部落		601.22	63.25	900	82	wh3_main_chaos_region_darkhold	wh3_dlc23_chaos_province_the_plain_of_bones	wh3_main_grn_moon_howlerz	Darkhold	cai_chaos_region_hint_area_dwarf_empire	官方
121	矮人帝国（世界边缘山脉）	混沌魔域	骸骨高原	乌兹库兰尼	黑暗之地兽人		477.64	155.43	715	201	wh3_main_chaos_region_uzkulany	wh3_main_chaos_province_zorn_uzkul	wh3_main_grn_dark_land_orcs	Uzkulany	cai_chaos_region_hint_area_dwarf_empire	官方
122	矮人帝国（世界边缘山脉）	混沌魔域	骸骨高原	乌兹库拉克	哈苏特信徒	是	488.99	186.67	732	242	wh3_main_chaos_region_uzkulak	wh3_main_chaos_province_zorn_uzkul	wh3_dlc23_chd_astragoth	Uzkulak	cai_chaos_region_hint_area_dwarf_empire	官方
123	矮人帝国（世界边缘山脉）	混沌魔域	骸骨高原	德兹内沃特要塞	厄孙复兴者		485.65	170.86	727	221	wh3_main_chaos_region_fort_dorznye_vort	wh3_main_chaos_province_zorn_uzkul	wh3_main_ksl_ursun_revivalists	Fort Dorznye-vort	cai_chaos_region_hint_area_dwarf_empire	官方
124	矮人帝国（世界边缘山脉）	混沌魔域	骸骨高原	灾厄瀑布	哈苏特信徒		517.72	183.20	775	237	wh3_main_chaos_region_the_falls_of_doom	wh3_main_chaos_province_zorn_uzkul	wh3_dlc23_chd_astragoth	The Falls of Doom	cai_chaos_region_hint_area_dwarf_empire	官方
125	矮人帝国（世界边缘山脉）	混沌魔域	高山隘口	卡拉克·独孤城		是	418.85	175.49	627	227	wh3_main_chaos_region_karak_vlag	wh3_main_chaos_province_the_high_pass		Karak Vlag	cai_chaos_region_hint_area_dwarf_empire	官方
126	矮人帝国（世界边缘山脉）	混沌魔域	高山隘口	卡拉兹·崖窟哨	磨砂氏族		448.24	179.34	671	232	wh3_main_chaos_region_kraz_und	wh3_main_chaos_province_the_high_pass	wh3_main_skv_clan_gritus	Kraz Und	cai_chaos_region_hint_area_dwarf_empire	官方
127	矮人帝国（世界边缘山脉）	混沌魔域	高山隘口	库拉可峰	磨砂氏族		408.16	152.34	611	197	wh3_main_chaos_region_kurak_peak	wh3_main_chaos_province_the_high_pass	wh3_main_skv_clan_gritus	Kurak Peak	cai_chaos_region_hint_area_dwarf_empire	官方
128	矮人帝国（世界边缘山脉）	混沌魔域	高山隘口	血角	磨砂氏族		431.54	140.39	646	182	wh3_main_chaos_region_seep_gore	wh3_main_chaos_province_the_high_pass	wh3_main_skv_clan_gritus	Seep-Gore	cai_chaos_region_hint_area_dwarf_empire	官方
129	矮人帝国（世界边缘山脉）	混沌魔域	黑水	橡锤镇	激流关		358.73	26.61	537	34	wh3_main_chaos_region_oakenhammer	wh3_main_chaos_province_black_water	wh_main_dwf_zhufbar	Oakenhammer	cai_chaos_region_hint_area_dwarf_empire	官方
130	矮人帝国（世界边缘山脉）	混沌魔域	黑水	激流关	激流关	是	391.46	37.80	586	49	wh3_main_chaos_region_zhufbar	wh3_main_chaos_province_black_water	wh_main_dwf_zhufbar	Zhufbar	cai_chaos_region_hint_area_dwarf_empire	官方
131	哀恸山脉	混沌魔域	东行之路	伊米尔德拉克之冰穴	松齿		511.70	235.27	766	305	wh3_main_chaos_region_ice_caverns_of_ymirdrak	wh3_main_chaos_province_path_to_the_east	wh3_main_ogr_loose_tooth	Ice Caverns of Ymirdrak	cai_chaos_region_hint_area_mourn_mountains	官方
132	哀恸山脉	混沌魔域	东行之路	弯刀山	赛铁刀皮		473.63	220.22	709	285	wh3_main_chaos_region_sabre_mountain	wh3_main_chaos_province_path_to_the_east	wh3_main_ogr_sabreskin	Sabre Mountain	cai_chaos_region_hint_area_mourn_mountains	官方
133	哀恸山脉	混沌魔域	东行之路	暴雪峰	松齿	是	517.05	266.89	774	346	wh3_main_chaos_region_blizzardpeak	wh3_main_chaos_province_path_to_the_east	wh3_main_ogr_loose_tooth	Blizzardpeak	cai_chaos_region_hint_area_mourn_mountains	官方
134	哀恸山脉	混沌魔域	东行之路	涌冰口	赛铁刀皮		486.32	244.52	728	317	wh3_main_chaos_region_icespewer	wh3_main_chaos_province_path_to_the_east	wh3_main_ogr_sabreskin	Icespewer	cai_chaos_region_hint_area_mourn_mountains	官方
135	哀恸山脉	混沌魔域	冰雪隘口	泰坦谷	血胃	是	654.66	273.06	980	354	wh3_main_chaos_region_vale_of_titans	wh3_main_chaos_province_ice_pass	wh3_main_ogr_bloodmaw	Vale of Titans	cai_chaos_region_hint_area_mourn_mountains	官方
136	哀恸山脉	混沌魔域	冰雪隘口	耶提峰	嗜血狂		616.58	305.85	923	396	wh3_main_chaos_region_yhetee_peak	wh3_main_chaos_province_ice_pass	wh3_main_ogr_blood_guzzlers	Yhetee Peak	cai_chaos_region_hint_area_mourn_mountains	官方
137	哀恸山脉	混沌魔域	冰雪隘口	迷雾谷	血胃		627.27	268.82	939	348	wh3_main_chaos_region_mist_gorge	wh3_main_chaos_province_ice_pass	wh3_main_ogr_bloodmaw	Mist Gorge	cai_chaos_region_hint_area_mourn_mountains	官方
138	哀恸山脉	混沌魔域	哀痛山脉	卡拉克·黑域堡	卡拉克·黑域堡	是	598.55	210.58	896	273	wh3_main_chaos_region_karak_azorn	wh3_main_chaos_province_mountains_of_mourn	wh3_main_dwf_karak_azorn	Karak Azorn	cai_chaos_region_hint_area_mourn_mountains	官方
139	哀恸山脉	混沌魔域	哀痛山脉	火口	佛戈		586.52	244.52	878	317	wh3_main_chaos_region_fire_mouth	wh3_main_chaos_province_mountains_of_mourn	wh3_main_ogr_fulg	Fire Mouth	cai_chaos_region_hint_area_mourn_mountains	官方
140	哀恸山脉	混沌魔域	哀痛山脉	黑牙镇	佛戈		555.79	217.52	832	282	wh3_main_chaos_region_black_fang	wh3_main_chaos_province_mountains_of_mourn	wh3_main_ogr_fulg	Black Fang	cai_chaos_region_hint_area_mourn_mountains	官方
141	哀恸山脉	混沌魔域	妖龙隘口	失陷城		是	657.33	237.58	984	308	wh3_main_chaos_region_fallen_city	wh3_main_chaos_province_the_great_maw		Fallen City	cai_chaos_region_hint_area_mourn_mountains	官方
142	哀恸山脉	混沌魔域	妖龙隘口	暴徒山	受恩者		686.06	274.22	1027	355	wh3_main_chaos_region_mount_thug	wh3_main_chaos_province_the_great_maw	wh3_main_ogr_lazarghs	Mount Thug	cai_chaos_region_hint_area_mourn_mountains	官方
143	哀恸山脉	混沌魔域	妖龙隘口	蹒跚镇	受恩者		688.06	247.61	1030	321	wh3_main_chaos_region_shambletown	wh3_main_chaos_province_the_great_maw	wh3_main_ogr_lazarghs	Shambletown	cai_chaos_region_hint_area_mourn_mountains	官方
144	哀恸山脉	混沌魔域	白骨之路	嘶叫深坑	吞山者		552.45	316.65	827	410	wh3_main_chaos_region_hissing_pits	wh3_main_chaos_province_bone_road	wh3_main_ogr_mountaineaters	Hissing Pits	cai_chaos_region_hint_area_mourn_mountains	官方
145	哀恸山脉	混沌魔域	白骨之路	最后天空城堡	群山之子	是	574.50	344.80	860	447	wh3_main_chaos_region_the_last_sky_castle	wh3_main_chaos_province_bone_road	wh3_main_ogr_sons_of_the_mountain	The Last Sky Castle	cai_chaos_region_hint_area_mourn_mountains	官方
146	哀恸山脉	混沌魔域	白骨之路	花岗岩群峰	群山之子		556.46	348.27	833	451	wh3_main_chaos_region_granite_spikes	wh3_main_chaos_province_bone_road	wh3_main_ogr_sons_of_the_mountain	Granite Spikes	cai_chaos_region_hint_area_mourn_mountains	官方
147	哀恸山脉	混沌魔域	远古巨人之地	天空之碑	獠日部落		586.52	313.95	878	407	wh3_main_chaos_region_the_sky_monolith	wh3_main_chaos_province_ancient_giant_lands	wh3_main_grn_tusked_sunz	The Sky Monolith	cai_chaos_region_hint_area_mourn_mountains	官方
148	哀恸山脉	混沌魔域	远古巨人之地	泰坦台阶	獠日部落		592.54	334.39	887	433	wh3_main_chaos_region_titans_notch	wh3_main_chaos_province_ancient_giant_lands	wh3_main_grn_tusked_sunz	Titan's Notch	cai_chaos_region_hint_area_mourn_mountains	官方
149	哀恸山脉	混沌魔域	远古巨人之地	浴血峰	嗜血狂	是	589.86	282.71	883	366	wh3_main_chaos_region_bloodpeak	wh3_main_chaos_province_ancient_giant_lands	wh3_main_ogr_blood_guzzlers	Bloodpeak	cai_chaos_region_hint_area_mourn_mountains	官方
150	哀恸山脉	混沌魔域	迦什·卡德拉克	克拉格山	松齿		551.79	281.55	826	365	wh3_main_chaos_region_mount_cragg	wh3_main_chaos_province_gash_kadrak	wh3_main_ogr_loose_tooth	Mount Cragg	cai_chaos_region_hint_area_mourn_mountains	官方
151	哀恸山脉	混沌魔域	迦什·卡德拉克	卡拉克·凄凉堡	格里姆格的狠小子	是	559.13	258.02	837	334	wh3_main_chaos_region_karak_vrag	wh3_main_chaos_province_gash_kadrak	wh_main_grn_greenskins	Karak Vrag	cai_chaos_region_hint_area_mourn_mountains	官方
152	哀恸山脉	混沌魔域	迦什·卡德拉克	噬人狂之岩			541.10	246.84	810	320	wh3_main_chaos_region_gorger_rock	wh3_main_chaos_province_gash_kadrak		Gorger Rock	cai_chaos_region_hint_area_mourn_mountains	官方
153	哀恸山脉	混沌魔域	迦什·卡德拉克	鹰巢	佛戈		535.75	209.04	802	271	wh3_main_chaos_region_eagle_eyries	wh3_main_chaos_province_gash_kadrak	wh3_main_ogr_fulg	Eagle Eyries	cai_chaos_region_hint_area_mourn_mountains	官方
154	哀恸山脉	混沌魔域	长牙之路	不屈峰	叉棒		662.01	199.40	991	258	wh3_main_chaos_region_grimtop	wh3_main_chaos_province_ivory_road	wh3_main_ogr_crossed_clubs	Grimtop	cai_chaos_region_hint_area_mourn_mountains	官方
155	哀恸山脉	混沌魔域	长牙之路	卡拉克·徒劳矿	克里泽氏族		676.71	170.09	1013	220	wh3_main_chaos_region_karak_krakaten	wh3_main_chaos_province_ivory_road	wh3_main_skv_clan_krizzor	Karak Krakaten	cai_chaos_region_hint_area_mourn_mountains	官方
156	哀恸山脉	混沌魔域	长牙之路	格雷苏巨厅	金牙	是	635.29	217.14	951	281	wh3_main_chaos_region_great_hall_of_greasus	wh3_main_chaos_province_ivory_road	wh3_main_ogr_goldtooth	Great Hall of Greasus	cai_chaos_region_hint_area_mourn_mountains	官方
157	哀恸山脉	混沌魔域	长牙之路	漫步峰	叉棒		611.24	229.48	915	297	wh3_main_chaos_region_amblepeak	wh3_main_chaos_province_ivory_road	wh3_main_ogr_crossed_clubs	Amblepeak	cai_chaos_region_hint_area_mourn_mountains	官方
158	混沌荒原	混沌魔域	冷泽	扭曲群塔	精美之痛		229.80	324.74	344	421	wh3_main_chaos_region_the_twisted_towers	wh3_main_chaos_province_the_cold_mires	wh3_main_sla_exquisite_pain	The Twisted Towers	cai_chaos_region_hint_area_chaos_wastes	官方
159	混沌荒原	混沌魔域	冷泽	蝇塔	精美之痛		209.09	302.76	313	392	wh3_main_chaos_region_the_tower_of_flies	wh3_main_chaos_province_the_cold_mires	wh3_main_sla_exquisite_pain	The Tower of Flies	cai_chaos_region_hint_area_chaos_wastes	官方
160	混沌荒原	混沌魔域	冷泽	黑岩	噶哈尔	是	219.11	275.38	328	357	wh3_main_chaos_region_black_rock	wh3_main_chaos_province_the_cold_mires	wh3_main_chs_gharhar	Black Rock	cai_chaos_region_hint_area_chaos_wastes	官方
161	混沌荒原	混沌魔域	北部荒原	亵渎要塞	盲眼者		86.84	394.17	130	511	wh3_main_chaos_region_fortress_of_the_damned	wh3_main_chaos_province_northern_wastes	wh3_dlc20_tze_the_sightless	Fortress of the Damned	cai_chaos_region_hint_area_chaos_wastes	官方
162	混沌荒原	混沌魔域	北部荒原	折磨裂谷	盲眼者		117.57	374.11	176	485	wh3_main_chaos_region_chasm_of_torment	wh3_main_chaos_province_northern_wastes	wh3_dlc20_tze_the_sightless	Chasm of Torment	cai_chaos_region_hint_area_chaos_wastes	官方
163	混沌荒原	混沌魔域	北部荒原	替换之碑	科维林	是	151.64	386.84	227	501	wh3_main_chaos_region_the_shifting_monolith	wh3_main_chaos_province_northern_wastes	wh3_main_chs_kvellig	The Shifting Monolith	cai_chaos_region_hint_area_chaos_wastes	官方
164	混沌荒原	混沌魔域	北部荒原	马雷菲克斯之厅	盲眼者		139.62	354.44	209	459	wh3_main_chaos_region_the_folly_of_malofex	wh3_main_chaos_province_northern_wastes	wh3_dlc20_tze_the_sightless	The Folly of Malofex	cai_chaos_region_hint_area_chaos_wastes	官方
165	混沌荒原	混沌魔域	卡达莎	红色深渊	幻焰书吏		472.96	353.29	708	458	wh3_main_chaos_region_the_red_abyss	wh3_main_chaos_province_kdatha	wh3_main_tze_flaming_scribes	The Red Abyss	cai_chaos_region_hint_area_chaos_wastes	官方
166	混沌荒原	混沌魔域	卡达莎	绞架树	幻焰书吏	是	402.82	325.90	603	422	wh3_main_chaos_region_the_gallows_tree	wh3_main_chaos_province_kdatha	wh3_main_tze_flaming_scribes	The Gallows Tree	cai_chaos_region_hint_area_chaos_wastes	官方
167	混沌荒原	混沌魔域	卡达莎	赞拜津平原	幻焰书吏		439.56	359.46	658	466	wh3_main_chaos_region_zanbaijin	wh3_main_chaos_province_kdatha	wh3_main_tze_flaming_scribes	Plains of Zanbaijin	cai_chaos_region_hint_area_chaos_wastes	官方
168	混沌荒原	混沌魔域	卡达莎	龙眠地	幻焰书吏		438.89	329.76	657	427	wh3_main_chaos_region_dragons_death	wh3_main_chaos_province_kdatha	wh3_main_tze_flaming_scribes	Dragon's Death	cai_chaos_region_hint_area_chaos_wastes	官方
169	混沌荒原	混沌魔域	堕落之路	决斗岩			521.72	319.73	781	414	wh3_main_chaos_region_the_challenge_stone	wh3_main_chaos_province_road_to_damnation		The Challenge Stone	cai_chaos_region_hint_area_chaos_wastes	官方
170	混沌荒原	混沌魔域	堕落之路	地狱兽牧地	恐之主子嗣		507.03	341.33	759	442	wh3_main_chaos_region_hellcade_drove	wh3_main_chaos_province_road_to_damnation	wh3_main_kho_karneths_sons	Hellcade Drove	cai_chaos_region_hint_area_chaos_wastes	官方
171	混沌荒原	混沌魔域	堕落之路	泽鲁诺斯	群山之子	是	533.08	343.26	798	445	wh3_main_chaos_region_zerulous	wh3_main_chaos_province_road_to_damnation	wh3_main_ogr_sons_of_the_mountain	Zerulous	cai_chaos_region_hint_area_chaos_wastes	官方
172	混沌荒原	混沌魔域	堕落之路	浮空山	恐之主子嗣		519.05	362.16	777	469	wh3_main_chaos_region_floating_mountain	wh3_main_chaos_province_road_to_damnation	wh3_main_kho_karneths_sons	Floating Mountain	cai_chaos_region_hint_area_chaos_wastes	官方
173	混沌荒原	混沌魔域	幻象平原	头骨立柱	疫蛆兄弟		346.04	283.09	518	367	wh3_main_chaos_region_pillar_of_skulls	wh3_main_chaos_province_plain_of_illusions	wh3_main_nur_maggoth_kin	Pillar of Skulls	cai_chaos_region_hint_area_chaos_wastes	官方
174	混沌荒原	混沌魔域	幻象平原	折磨之塔	疫蛆兄弟		305.29	267.28	457	346	wh3_main_chaos_region_the_tower_of_torment	wh3_main_chaos_province_plain_of_illusions	wh3_main_nur_maggoth_kin	The Tower of Torment	cai_chaos_region_hint_area_chaos_wastes	官方
175	混沌荒原	混沌魔域	幻象平原	燃烧之碑	蚀啮氏族		265.87	320.12	398	415	wh3_main_chaos_region_the_burning_monolith	wh3_main_chaos_province_plain_of_illusions	wh2_main_skv_clan_gnaw	The Burning Monolith	cai_chaos_region_hint_area_chaos_wastes	官方
176	混沌荒原	混沌魔域	幻象平原	血港	蚀啮氏族	是	293.26	293.50	439	380	wh3_main_chaos_region_blood_haven	wh3_main_chaos_province_plain_of_illusions	wh2_main_skv_clan_gnaw	Blood-Haven	cai_chaos_region_hint_area_chaos_wastes	官方
177	混沌荒原	混沌魔域	死亡悬崖	德拉科埠	贪肉者		414.84	224.85	621	291	wh3_main_chaos_region_dharko_wharf	wh3_main_chaos_province_the_cliffs_of_death	wh3_main_ogr_fleshgreeders	Dharko Wharf	cai_chaos_region_hint_area_chaos_wastes	官方
178	混沌荒原	混沌魔域	死亡悬崖	沉没阴沟	纳垢驭疹官	是	386.12	278.46	578	361	wh3_main_chaos_region_the_sunken_sewers	wh3_main_chaos_province_the_cliffs_of_death	wh3_main_nur_poxmakers_of_nurgle	The Sunken Sewers	cai_chaos_region_hint_area_chaos_wastes	官方
179	混沌荒原	混沌魔域	死亡悬崖	满溢港	贪肉者		404.15	264.96	605	343	wh3_main_chaos_region_glut_port	wh3_main_chaos_province_the_cliffs_of_death	wh3_main_ogr_fleshgreeders	Glut-port	cai_chaos_region_hint_area_chaos_wastes	官方
180	混沌荒原	混沌魔域	死亡悬崖	风骸山	贪肉者		432.21	254.94	647	330	wh3_main_chaos_region_stormvrack_mount	wh3_main_chaos_province_the_cliffs_of_death	wh3_main_ogr_fleshgreeders	Stormvrack Mount	cai_chaos_region_hint_area_chaos_wastes	官方
181	混沌荒原	混沌魔域	永恒环礁	术士银塔	脓毒之爪	是	203.75	430.81	305	558	wh3_main_chaos_region_the_silvered_tower_of_sorcerers	wh3_main_chaos_province_the_eternal_lagoon	wh3_main_nur_septic_claw	The Silvered Tower of Sorcerers	cai_chaos_region_hint_area_chaos_wastes	官方
182	混沌荒原	混沌魔域	永恒环礁	枯萎林	脓毒之爪		221.12	382.98	331	496	wh3_main_chaos_region_the_blighted_grove	wh3_main_chaos_province_the_eternal_lagoon	wh3_main_nur_septic_claw	The Blighted Grove	cai_chaos_region_hint_area_chaos_wastes	官方
183	混沌荒原	混沌魔域	永恒环礁	猛兽崖	脓毒之爪		195.73	399.18	293	517	wh3_main_chaos_region_cliff_of_beasts	wh3_main_chaos_province_the_eternal_lagoon	wh3_main_nur_septic_claw	Cliff of Beasts	cai_chaos_region_hint_area_chaos_wastes	官方
184	混沌荒原	混沌魔域	永恒环礁	衰败森林	脓毒之爪		255.18	357.91	382	464	wh3_main_chaos_region_the_forest_of_decay	wh3_main_chaos_province_the_eternal_lagoon	wh3_main_nur_septic_claw	The Forest of Decay	cai_chaos_region_hint_area_chaos_wastes	官方
185	混沌荒原	混沌魔域	白骨平原	奇美拉高地	隐秘之刑		318.65	376.04	477	487	wh3_main_chaos_region_chimera_plateau	wh3_main_chaos_province_plain_of_bone	wh3_main_sla_subtle_torture	Chimera Plateau	cai_chaos_region_hint_area_chaos_wastes	官方
186	混沌荒原	混沌魔域	白骨平原	水晶尖塔	零落命轮	是	259.86	392.24	389	508	wh3_main_chaos_region_the_crystal_spires	wh3_main_chaos_province_plain_of_bone	wh3_main_tze_broken_wheel	The Crystal Spires	cai_chaos_region_hint_area_chaos_wastes	官方
187	混沌荒原	混沌魔域	白骨平原	火山之心	隐秘之刑		290.59	333.62	435	432	wh3_main_chaos_region_volcanos_heart	wh3_main_chaos_province_plain_of_bone	wh3_main_sla_subtle_torture	Volcano's Heart	cai_chaos_region_hint_area_chaos_wastes	官方
188	混沌荒原	混沌魔域	白骨平原	虚空巨岩	零落命轮		283.24	377.20	424	489	wh3_main_chaos_region_the_monolith_of_the_void	wh3_main_chaos_province_plain_of_bone	wh3_main_tze_broken_wheel	The Monolith of the Void	cai_chaos_region_hint_area_chaos_wastes	官方
189	混沌荒原	混沌魔域	破碎之地	亲王宫殿	浴血长剑		92.19	428.88	138	556	wh3_main_chaos_region_palace_of_princes	wh3_main_chaos_province_the_shard_lands	wh3_main_kho_bloody_sword	Palace of Princes	cai_chaos_region_hint_area_chaos_wastes	官方
190	混沌荒原	混沌魔域	破碎之地	废墟之殿	色孽迷魂者	是	87.51	458.58	131	594	wh3_main_chaos_region_the_palace_of_ruin	wh3_main_chaos_province_the_shard_lands	wh3_main_sla_seducers_of_slaanesh	The Palace of Ruin	cai_chaos_region_hint_area_chaos_wastes	官方
191	混沌荒原	混沌魔域	破碎之地	恶臭墓穴	浴血长剑		118.91	438.91	178	569	wh3_main_chaos_region_the_fetid_catacombs	wh3_main_chaos_province_the_shard_lands	wh3_main_kho_bloody_sword	The Foetid Catacombs	cai_chaos_region_hint_area_chaos_wastes	官方
192	混沌荒原	混沌魔域	破碎之地	浴血山	浴血长剑		148.30	435.82	222	565	wh3_main_chaos_region_blood_mountain	wh3_main_chaos_province_the_shard_lands	wh3_main_kho_bloody_sword	Blood Mountain	cai_chaos_region_hint_area_chaos_wastes	官方
193	混沌荒原	混沌魔域	血沼	幻变要塞	蛆虫军团	是	365.41	358.30	547	464	wh3_main_chaos_region_the_writhing_fortress	wh3_main_chaos_province_the_blood_marshes	wh3_dlc25_nur_tamurkhan	The Writhing Fortress	cai_chaos_region_hint_area_chaos_wastes	官方
194	混沌荒原	混沌魔域	血沼	梦魇谷	绯红骷髅		384.78	300.83	576	390	wh3_main_chaos_region_the_vale_of_nightmares	wh3_main_chaos_province_the_blood_marshes	wh3_main_kho_crimson_skull	The Vale of Nightmares	cai_chaos_region_hint_area_chaos_wastes	官方
195	混沌荒原	混沌魔域	血沼	流血尖顶	绯红骷髅		352.05	311.25	527	403	wh3_main_chaos_region_the_bleeding_spire	wh3_main_chaos_province_the_blood_marshes	wh3_main_kho_crimson_skull	The Bleeding Spire	cai_chaos_region_hint_area_chaos_wastes	官方
196	混沌荒原	混沌魔域	血沼	魔影之树	绯红骷髅		338.02	334.77	506	434	wh3_main_chaos_region_tree_of_damned_shades	wh3_main_chaos_province_the_blood_marshes	wh3_main_kho_crimson_skull	Tree of Damned Shades	cai_chaos_region_hint_area_chaos_wastes	官方
197	混沌荒原	混沌魔域	血火瀑布	死斧之碑	精美之痛		162.33	308.16	243	399	wh3_main_chaos_region_the_monolith_of_kjarl_deathaxe	wh3_main_chaos_province_bloodfire_falls	wh3_main_sla_exquisite_pain	Deathaxe's Monolith	cai_chaos_region_hint_area_chaos_wastes	官方
198	混沌荒原	混沌魔域	血火瀑布	炼狱	恐虐流放者	是	195.06	367.17	292	476	wh3_main_chaos_region_infernius	wh3_main_chaos_province_bloodfire_falls	wh3_main_kho_exiles_of_khorne	Infernius	cai_chaos_region_hint_area_chaos_wastes	官方
199	混沌荒原	混沌魔域	血火瀑布	黄铜冰川	噶哈尔		178.36	334.39	267	433	wh3_main_chaos_region_the_brass_glacier	wh3_main_chaos_province_bloodfire_falls	wh3_main_chs_gharhar	The Brass Glacier	cai_chaos_region_hint_area_chaos_wastes	官方
200	混沌荒原	混沌魔域	血火瀑布	黄铜桥	噶哈尔		225.12	349.81	337	453	wh3_main_chaos_region_bridge_of_brass	wh3_main_chaos_province_bloodfire_falls	wh3_main_chs_gharhar	Bridge of Brass	cai_chaos_region_hint_area_chaos_wastes	官方
201	混沌荒原	混沌魔域	颅骨之路	卡拉克·厄运堡	赫尔海因氏族		464.28	251.85	695	326	wh3_main_chaos_region_karak_dum	wh3_main_chaos_province_road_of_skulls	wh2_dlc15_dwf_clan_helhein	Karak Dum	cai_chaos_region_hint_area_chaos_wastes	官方
202	混沌荒原	混沌魔域	颅骨之路	多尔甘叶尔森林	森林之女		458.26	279.23	686	362	wh3_main_chaos_region_fort_dolganyeir	wh3_main_chaos_province_road_of_skulls	wh3_dlc24_ksl_daughters_of_the_forest	Dolganyeir Forests	cai_chaos_region_hint_area_chaos_wastes	官方
203	混沌荒原	混沌魔域	颅骨之路	扎摩斯基	恐之主子嗣		477.64	294.28	715	381	wh3_main_chaos_region_zamoski	wh3_main_chaos_province_road_of_skulls	wh3_main_kho_karneths_sons	Zamoski	cai_chaos_region_hint_area_chaos_wastes	官方
204	混沌荒原	混沌魔域	颅骨之路	碎裂城	恐之主子嗣	是	495.67	323.20	742	419	wh3_main_chaos_region_city_of_splinters	wh3_main_chaos_province_road_of_skulls	wh3_main_kho_karneths_sons	City of Splinters	cai_chaos_region_hint_area_chaos_wastes	官方
205	震旦	混沌魔域	东部草原	千眼要塞	帝国戍卫		575.17	436.98	861	566	wh3_main_chaos_region_fortress_of_eyes	wh3_main_chaos_province_eastern_steppes	wh3_main_cth_imperial_wardens	Fortress of Eyes	cai_chaos_region_hint_area_cathay	官方
206	震旦	混沌魔域	东部草原	沃拉里	奸奇传谕使	是	538.43	376.43	806	488	wh3_main_chaos_region_the_volary	wh3_main_chaos_province_eastern_steppes	wh3_main_tze_oracles_of_tzeentch	The Volary	cai_chaos_region_hint_area_cathay	官方
207	震旦	混沌魔域	东部草原	血风堡	卡扎格		552.45	399.95	827	518	wh3_main_chaos_region_bloodwind_keep	wh3_main_chaos_province_eastern_steppes	wh3_main_chs_khazag	Bloodwind Keep	cai_chaos_region_hint_area_cathay	官方
208	震旦	混沌魔域	东部草原	骸骨铸坊	卡扎格		553.79	424.64	829	550	wh3_main_chaos_region_foundry_of_bones	wh3_main_chaos_province_eastern_steppes	wh3_main_chs_khazag	Foundry of Bones	cai_chaos_region_hint_area_cathay	官方
209	震旦	混沌魔域	京畿路	修验官城	天廷忠卫		643.97	515.27	964	668	wh3_main_chaos_region_city_of_the_shugengan	wh3_main_chaos_province_imperial_road	wh3_main_cth_celestial_loyalists	City of the Shugengan	cai_chaos_region_hint_area_cathay	官方
210	震旦	混沌魔域	京畿路	巍京	天廷忠卫	是	619.92	523.76	928	679	wh3_main_chaos_region_wei_jin	wh3_main_chaos_province_imperial_road	wh3_main_cth_celestial_loyalists	Wei-Jin	cai_chaos_region_hint_area_cathay	官方
211	震旦	混沌魔域	京畿路	昆兰	天廷忠卫		660.01	490.59	988	636	wh3_main_chaos_region_kunlan	wh3_main_chaos_province_imperial_road	wh3_main_cth_celestial_loyalists	Kunlan	cai_chaos_region_hint_area_cathay	官方
212	震旦	混沌魔域	天廷河原	上吴	玉廷	是	718.79	373.34	1076	484	wh3_main_chaos_region_shang_wu	wh3_main_chaos_province_celestial_riverlands	wh3_dlc24_cth_the_celestial_court	Shang-Wu	cai_chaos_region_hint_area_cathay	官方
213	震旦	混沌魔域	天廷河原	农昌	猎颅者		702.76	392.62	1052	509	wh3_main_chaos_region_nonchang	wh3_main_chaos_province_celestial_riverlands	wh_main_grn_skull-takerz	Nongchang	cai_chaos_region_hint_area_cathay	官方
214	震旦	混沌魔域	天廷河原	氏隆	猎颅者		722.13	431.58	1081	559	wh3_main_chaos_region_shi_long	wh3_main_chaos_province_celestial_riverlands	wh_main_grn_skull-takerz	Shi Long	cai_chaos_region_hint_area_cathay	官方
215	震旦	混沌魔域	天廷河原	通天桥	猎颅者		700.75	416.92	1049	540	wh3_main_chaos_region_bridge_of_heaven	wh3_main_chaos_province_celestial_riverlands	wh_main_grn_skull-takerz	Bridge of Heaven	cai_chaos_region_hint_area_cathay	官方
216	震旦	混沌魔域	天离裂土	精风寺	燃风牧民		718.12	335.16	1075	434	wh3_main_chaos_region_temple_of_elemental_winds	wh3_main_chaos_province_broken_lands_of_tian_li	wh3_main_cth_burning_wind_nomads	Temple of Elemental Winds	cai_chaos_region_hint_area_cathay	官方
217	震旦	混沌魔域	天离裂土	羌	蓝蝰蛇		698.75	296.98	1046	385	wh3_main_chaos_region_qiang	wh3_main_chaos_province_broken_lands_of_tian_li	wh2_main_grn_blue_vipers	Qiang	cai_chaos_region_hint_area_cathay	官方
218	震旦	混沌魔域	天离裂土	虎士庄	燃风牧民	是	721.46	309.32	1080	401	wh3_main_chaos_region_village_of_the_tigermen	wh3_main_chaos_province_broken_lands_of_tian_li	wh3_main_cth_burning_wind_nomads	Village of the Tigermen	cai_chaos_region_hint_area_cathay	官方
219	震旦	混沌魔域	岩镔原	兵马俑墓园	萨索瑞尔守望者		620.59	443.15	929	574	wh3_main_chaos_region_terracotta_graveyard	wh3_main_chaos_province_lands_of_stone_and_steel	wh3_main_tze_sarthoraels_watchers	Terracotta Graveyard	cai_chaos_region_hint_area_cathay	官方
220	震旦	混沌魔域	岩镔原	明珠	帝国戍卫		647.31	465.52	969	603	wh3_main_chaos_region_ming_zhu	wh3_main_chaos_province_lands_of_stone_and_steel	wh3_main_cth_imperial_wardens	Ming Zhu	cai_chaos_region_hint_area_cathay	官方
221	震旦	混沌魔域	岩镔原	蕹昌	帝国戍卫		637.96	427.72	955	554	wh3_main_chaos_region_weng_chang	wh3_main_chaos_province_lands_of_stone_and_steel	wh3_main_cth_imperial_wardens	Weng Chang	cai_chaos_region_hint_area_cathay	官方
222	震旦	混沌魔域	岩镔原	魄魅	帝国戍卫	是	623.93	466.68	934	605	wh3_main_chaos_region_po_mei	wh3_main_chaos_province_lands_of_stone_and_steel	wh3_main_cth_imperial_wardens	Po Mei	cai_chaos_region_hint_area_cathay	官方
223	震旦	混沌魔域	次元石沙漠	上阳	缙绅逆臣	是	636.62	361.38	953	468	wh3_main_chaos_region_shang_yang	wh3_main_chaos_province_warpstone_desert	wh3_main_cth_dissenter_lords_of_jinshen	Shang-Yang	cai_chaos_region_hint_area_cathay	官方
224	震旦	混沌魔域	次元石沙漠	丹鼎师祭坛	缙绅逆臣		645.31	384.91	966	499	wh3_main_chaos_region_shrine_of_the_alchemist	wh3_main_chaos_province_warpstone_desert	wh3_main_cth_dissenter_lords_of_jinshen	Shrine of the Alchemist	cai_chaos_region_hint_area_cathay	官方
225	震旦	混沌魔域	次元石沙漠	泰梓	艾辛氏族		664.01	408.82	994	530	wh3_main_chaos_region_tai_tzu	wh3_main_chaos_province_warpstone_desert	wh2_main_skv_clan_eshin	Tai Tzu	cai_chaos_region_hint_area_cathay	官方
226	震旦	混沌魔域	次元石沙漠	阿什夏之塔	缙绅逆臣		608.57	349.04	911	452	wh3_main_chaos_region_tower_of_ashshair	wh3_main_chaos_province_warpstone_desert	wh3_main_cth_dissenter_lords_of_jinshen	Tower of Ashshair	cai_chaos_region_hint_area_cathay	官方
227	震旦	混沌魔域	皓月林	星坡	天廷忠卫		675.37	443.15	1011	574	wh3_main_chaos_region_xing_po	wh3_main_chaos_province_forests_of_the_moon	wh3_main_cth_celestial_loyalists	Xing Po	cai_chaos_region_hint_area_cathay	官方
228	震旦	混沌魔域	皓月林	玉风山	恶唾氏族		684.05	495.22	1024	642	wh3_main_chaos_region_jade_wind_mountain	wh3_main_chaos_province_forests_of_the_moon	wh2_main_skv_clan_spittel	Jade Wind Mountain	cai_chaos_region_hint_area_cathay	官方
229	震旦	混沌魔域	皓月林	皓月庄	碎叶者部落		674.03	464.75	1009	602	wh3_main_chaos_region_village_of_the_moon	wh3_main_chaos_province_forests_of_the_moon	wh2_dlc12_grn_leaf_cutterz_tribe	Village of the Moon	cai_chaos_region_hint_area_cathay	官方
230	震旦	混沌魔域	皓月林	瞻世	碎叶者部落	是	703.43	475.55	1053	616	wh3_main_chaos_region_zhanshi	wh3_main_chaos_province_forests_of_the_moon	wh2_dlc12_grn_leaf_cutterz_tribe	Zhanshi	cai_chaos_region_hint_area_cathay	官方
231	震旦	混沌魔域	硝硫路	南皋	卫北列省	是	587.19	415.38	879	538	wh3_main_chaos_region_nan_gau	wh3_main_chaos_province_gunpowder_road	wh3_main_cth_the_northern_provinces	Nan-Gau	cai_chaos_region_hint_area_cathay	官方
232	震旦	混沌魔域	硝硫路	南离	南阳叛王		619.92	394.17	928	511	wh3_main_chaos_region_nan_li	wh3_main_chaos_province_gunpowder_road	wh3_main_cth_rebel_lords_of_nan_yang	Nan-Li	cai_chaos_region_hint_area_cathay	官方
233	震旦	混沌魔域	硝硫路	南阳矿场	南阳叛王		614.58	418.85	920	543	wh3_main_chaos_region_mines_of_nan_yang	wh3_main_chaos_province_gunpowder_road	wh3_main_cth_rebel_lords_of_nan_yang	Mines of Nan-Yang	cai_chaos_region_hint_area_cathay	官方
234	震旦	混沌魔域	红土荒原	赤垒	库吉	是	585.86	507.94	877	658	wh3_main_chaos_region_red_fortress	wh3_main_chaos_province_the_red_wastes	wh3_dlc20_nor_kuj	Red Fortress	cai_chaos_region_hint_area_cathay	官方
235	震旦	混沌魔域	红土荒原	铁风暴	库吉		571.83	464.36	856	602	wh3_main_chaos_region_iron_storm	wh3_main_chaos_province_the_red_wastes	wh3_dlc20_nor_kuj	Iron Storm	cai_chaos_region_hint_area_cathay	官方
236	震旦	混沌魔域	红土荒原	龙馗路	帝国戍卫		587.86	483.65	880	627	wh3_main_chaos_region_dragons_crossroad	wh3_main_chaos_province_the_red_wastes	wh3_main_cth_imperial_wardens	Dragon's Crossroad	cai_chaos_region_hint_area_cathay	官方
237	震旦	混沌魔域	缙绅荒原	新武	艾辛氏族		664.68	349.81	995	453	wh3_main_chaos_region_xen_wu	wh3_main_chaos_province_wastelands_of_jinshen	wh2_main_skv_clan_eshin	Xen Wu		就近推定
238	震旦	混沌魔域	缙绅荒原	瀚宇港	卫西列省	是	682.05	329.76	1021	427	wh3_main_chaos_region_hanyu_port	wh3_main_chaos_province_wastelands_of_jinshen	wh3_main_cth_the_western_provinces	Hanyu Port		就近推定
239	震旦	混沌魔域	缙绅荒原	猿城	缙绅逆臣		668.02	377.97	1000	490	wh3_main_chaos_region_city_of_monkeys	wh3_main_chaos_province_wastelands_of_jinshen	wh3_main_cth_dissenter_lords_of_jinshen	City of Monkeys		就近推定
240	震旦	混沌魔域	长垣东段	鳌门关	帝国戍卫	是	607.23	494.83	909	641	wh3_main_chaos_region_turtle_gate	wh3_main_chaos_province_eastern_great_bastion	wh3_main_cth_imperial_wardens	Turtle Gate	cai_chaos_region_hint_area_cathay	官方
241	震旦	混沌魔域	长垣中段	龙门关	帝国戍卫	是	602.56	465.90	902	604	wh3_main_chaos_region_dragon_gate	wh3_main_chaos_province_central_great_bastion	wh3_main_cth_imperial_wardens	Dragon Gate	cai_chaos_region_hint_area_cathay	官方
242	震旦	混沌魔域	长垣西段	蝰门关		是	593.20	439.68	888	570	wh3_main_chaos_region_snake_gate	wh3_main_chaos_province_western_great_bastion		Snake Gate	cai_chaos_region_hint_area_cathay	官方
1	序章战役（基斯里夫边境）	序章	冰酋隘口	钳河	盲眼者	是	297.93	236.03	446	306	wh3_prologue_region_icecaid_pass_claw_reach	wh3_prologue_province_icecaid_pass	wh3_prologue_the_sightless	Claw Reach		战役
2	序章战役（基斯里夫边境）	序章	冰霜峡	警信堡	德文加德守军	是	281.23	151.57	421	196	wh3_prologue_region_ice_canyon_beacon_fort	wh3_prologue_province_ice_canyon	wh3_prologue_dervingard_garrison	Beacon		战役
3	序章战役（基斯里夫边境）	序章	山区隘口	基斯里夫避难所		是	269.21	110.69	403	143	wh3_prologue_region_mountain_pass_kislev_refuge	wh3_prologue_province_mountain_pass		Kislev Refuge		战役
4	序章战役（基斯里夫边境）	序章	涌流河	涉水渡口	万变使徒	是	239.15	264.57	358	343	wh3_prologue_region_river_of_the_flux_the_fording_place	wh3_prologue_province_river_of_the_flux	wh3_prologue_apostles_of_change	The Fording Place		战役
5	序章战役（基斯里夫边境）	序章	涡环瀑布	群栖地	大鹰部落	是	229.13	291.19	343	377	wh3_prologue_region_the_falls_of_circatrex_the_rookery	wh3_prologue_province_the_falls_of_circatrex	wh3_prologue_great_eagle_tribe	The Rookery		战役
6	序章战役（基斯里夫边境）	序章	猩红草原	鲜血集会	鲜血守卫	是	248.50	361.76	372	469	wh3_prologue_region_the_scarlet_steppes_the_blood_moot	wh3_prologue_province_the_scarlet_steppes	wh3_prologue_blood_keepers	The Blood-Moot		战役
7	序章战役（基斯里夫边境）	序章	猩红谷	看守者大厅	鲜血守卫	是	240.48	331.68	360	430	wh3_prologue_region_crimson_vale_hall_of_the_keepers	wh3_prologue_province_crimson_vale	wh3_prologue_blood_keepers	Hall of the Keepers		战役
8	序章战役（基斯里夫边境）	序章	獠牙峡谷	角兽镇	科瓦里格	是	265.87	300.83	398	390	wh3_prologue_region_canyons_of_gore_gore_town	wh3_prologue_province_canyons_of_gore	wh3_prologue_the_kvelligs	Gore-Town		战役
9	序章战役（基斯里夫边境）	序章	破败之地	恫厅	恫	是	337.35	318.95	505	413	wh3_prologue_region_broken_lands_tong_hall	wh3_prologue_province_broken_lands	wh3_prologue_tong	Tong-Hall		战役
10	序章战役（基斯里夫边境）	序章	虚空草原	虚空巨岩	萨索瑞尔守望者	是	290.58	362.15	435	469	wh3_prologue_region_the_void_steppes_the_monolith_of_the_void	wh3_prologue_province_the_void_steppes	wh3_prologue_sarthoraels_watchers	The Monolith of the Void		战役
11	序章战役（基斯里夫边境）	序章	迷宫要塞	千眼庄园	万变使徒	是	279.90	263.42	419	341	wh3_prologue_region_the_maze_keep_mansion_of_eyes	wh3_prologue_province_the_maze_keep	wh3_prologue_apostles_of_change	Mansion of Eyes		战役
12	序章战役（基斯里夫边境）	序章	镜疆	位点宫	盲眼者	是	261.19	234.11	391	303	wh3_prologue_region_mirror_marshes_the_loci_palace	wh3_prologue_province_mirror_marches	wh3_prologue_the_sightless	The Loci Palace		战役
13	序章战役（基斯里夫边境）	序章	霜冻平原	德文加德	噶哈尔	是	281.23	190.91	421	247	wh3_prologue_region_frozen_plains_dervingard	wh3_prologue_province_frozen_plains	wh3_prologue_gharhars	Dervingard		战役
14	序章战役（基斯里夫边境）	序章	鲜肉地	血港	鲜血守卫	是	305.28	335.92	457	435	wh3_prologue_region_fleshlands_blood_haven	wh3_prologue_province_fleshlands	wh3_prologue_blood_keepers	Blood-Haven		战役
15	序章战役（基斯里夫边境）	序章	黄铜平原	塔尔营	塔玛克	是	303.94	302.76	455	392	wh3_prologue_region_plains_of_brass_the_tah_camp	wh3_prologue_province_plains_of_brass	wh3_prologue_the_tahmaks	The Tah-Camp		战役
